userid,Salary,uni,degree,Passingyear,Workstation,Dep,Exp,fileid,creatorid,filesize,filetype,result
28,55000,4,1,2014,16,1,4,64,25,1,1,1
13,75000,5,1,2012,24,2,6,51,33,3,1,1
9,40000,5,1,2016,5,4,3,56,16,3,2,0
33,90000,2,1,2011,6,1,7,7,14,2,3,1
25,55000,3,1,2014,14,1,4,80,20,2,4,1
12,57500,5,1,2012,8,1,6,50,15,3,3,1
29,37500,4,1,2017,17,3,3,1,25,2,3,0
23,25000,5,2,2008,2,4,10,66,25,1,2,1
24,75000,2,2,2014,13,1,4,60,30,1,3,1
25,40000,5,1,2011,15,1,7,97,25,1,4,1
30,35000,2,1,2017,21,2,1,11,25,3,3,0
10,35000,3,1,2016,7,1,3,97,25,1,4,0
33,90000,2,1,2011,6,1,7,61,14,1,3,1
7,28000,4,1,2016,1,4,2,37,7,4,5,1
18,30000,1,1,2018,11,1,2,95,10,2,3,0
32,30000,4,1,2017,20,3,2,24,18,3,2,0
18,30000,1,1,2018,11,1,2,29,8,2,3,0
10,35000,3,1,2016,7,1,3,62,15,2,2,0
25,55000,3,1,2014,14,1,4,32,29,2,3,1
20,175000,5,1,2006,24,4,12,34,32,2,3,1
10,35000,3,1,2016,7,1,3,58,22,2,3,0
20,30000,1,1,2015,12,1,3,44,25,3,4,1
13,75000,5,1,2012,24,2,6,83,9,4,1,1
24,75000,2,2,2014,13,1,4,4,13,1,3,1
25,40000,5,1,2011,15,1,7,81,25,1,2,1
29,37500,4,1,2017,17,3,3,48,25,2,2,0
29,37500,4,1,2017,17,3,3,36,20,2,3,0
30,35000,2,1,2017,21,2,1,63,25,3,3,0
30,35000,2,1,2017,21,2,1,25,14,1,3,0
32,30000,4,1,2017,20,3,2,17,15,2,4,0
31,28000,3,1,2016,19,3,2,42,12,1,1,0
30,35000,2,1,2017,21,2,1,58,22,2,3,0
31,28000,3,1,2016,19,3,2,3,16,2,3,0
8,160000,2,1,2010,4,4,9,29,8,2,3,1
25,40000,5,1,2011,15,1,7,29,8,2,3,1
9,40000,5,1,2016,5,4,3,28,9,2,1,0
28,55000,4,1,2014,16,1,4,44,25,3,4,1
12,57500,5,1,2012,8,1,6,88,8,2,3,1
20,30000,1,1,2015,12,1,3,76,23,3,1,1
29,37500,4,1,2017,17,3,3,77,7,3,3,1
15,38000,5,2,2016,9,1,3,69,16,1,4,0
33,90000,2,1,2011,6,1,7,32,29,2,3,1
13,75000,5,1,2012,24,2,6,44,25,3,4,1
19,80000,5,1,2014,18,3,4,93,29,3,3,1
25,40000,5,1,2011,15,1,7,76,23,3,1,1
32,30000,4,1,2017,20,3,2,51,33,3,1,0
16,40000,1,1,2016,10,1,3,93,29,3,3,1
14,45000,1,1,2015,23,2,4,55,14,1,3,1
9,40000,5,1,2016,5,4,3,70,29,4,3,1
24,75000,2,2,2014,13,1,4,20,8,2,3,0
19,80000,5,1,2014,18,3,4,5,23,3,3,1
24,75000,2,2,2014,13,1,4,65,20,4,1,1
20,175000,5,1,2006,24,4,12,3,16,2,3,1
13,75000,5,1,2012,24,2,6,20,8,2,3,1
18,30000,1,1,2018,11,1,2,53,21,1,3,0
28,55000,4,1,2014,16,1,4,5,23,3,3,1
29,37500,4,1,2017,17,3,3,61,14,1,3,0
13,75000,5,1,2012,24,2,6,46,29,3,3,1
25,40000,5,1,2011,15,1,7,79,8,4,3,1
32,30000,4,1,2017,20,3,2,37,7,4,5,1
23,25000,5,2,2008,2,4,10,32,29,2,3,1
16,40000,1,1,2016,10,1,3,99,15,1,4,0
33,90000,2,1,2011,6,1,7,90,24,2,4,1
15,38000,5,2,2016,9,1,3,18,25,3,2,0
28,55000,4,1,2014,16,1,4,80,20,2,4,1
8,160000,2,1,2010,4,4,9,9,19,2,3,1
25,40000,5,1,2011,15,1,7,41,30,2,3,1
16,40000,1,1,2016,10,1,3,39,9,3,1,0
18,30000,1,1,2018,11,1,2,24,18,3,2,0
16,40000,1,1,2016,10,1,3,7,14,2,3,0
15,38000,5,2,2016,9,1,3,83,9,4,1,0
25,55000,3,1,2014,14,1,4,55,14,1,3,1
18,30000,1,1,2018,11,1,2,16,25,3,3,0
14,45000,1,1,2015,23,2,4,20,8,2,3,0
31,28000,3,1,2016,19,3,2,43,10,2,2,0
20,175000,5,1,2006,24,4,12,23,8,4,1,1
7,28000,4,1,2016,1,4,2,10,16,1,4,1
8,160000,2,1,2010,4,4,9,70,29,4,3,1
31,28000,3,1,2016,19,3,2,64,25,1,1,0
14,45000,1,1,2015,23,2,4,83,9,4,1,1
24,75000,2,2,2014,13,1,4,77,7,3,3,1
12,57500,5,1,2012,8,1,6,99,15,1,4,1
9,40000,5,1,2016,5,4,3,1,25,2,3,0
19,80000,5,1,2014,18,3,4,53,21,1,3,0
15,38000,5,2,2016,9,1,3,57,24,2,1,0
10,35000,3,1,2016,7,1,3,43,10,2,2,0
8,160000,2,1,2010,4,4,9,81,25,1,2,1
32,30000,4,1,2017,20,3,2,30,10,2,4,0
8,160000,2,1,2010,4,4,9,33,8,4,1,1
22,52500,5,1,2016,22,2,3,38,21,2,3,0
32,30000,4,1,2017,20,3,2,94,28,1,3,0
9,40000,5,1,2016,5,4,3,36,20,2,3,0
25,55000,3,1,2014,14,1,4,73,30,1,3,1
7,28000,4,1,2016,1,4,2,94,28,1,3,1
16,40000,1,1,2016,10,1,3,25,14,1,3,0
20,175000,5,1,2006,24,4,12,66,25,1,2,1
30,35000,2,1,2017,21,2,1,47,8,2,1,0
31,28000,3,1,2016,19,3,2,49,7,4,1,1
30,35000,2,1,2017,21,2,1,35,12,1,2,0
19,80000,5,1,2014,18,3,4,11,25,3,3,1
25,40000,5,1,2011,15,1,7,10,16,1,4,1
25,55000,3,1,2014,14,1,4,92,12,2,2,1
18,30000,1,1,2018,11,1,2,65,20,4,1,0
20,175000,5,1,2006,24,4,12,16,25,3,3,1
10,35000,3,1,2016,7,1,3,7,14,2,3,0
20,175000,5,1,2006,24,4,12,52,21,2,1,1
16,40000,1,1,2016,10,1,3,37,7,4,5,1
31,28000,3,1,2016,19,3,2,95,10,2,3,0
22,52500,5,1,2016,22,2,3,95,10,2,3,0
25,55000,3,1,2014,14,1,4,7,14,2,3,1
32,30000,4,1,2017,20,3,2,48,25,2,2,0
20,175000,5,1,2006,24,4,12,87,21,1,3,1
13,75000,5,1,2012,24,2,6,5,23,3,3,1
31,28000,3,1,2016,19,3,2,18,25,3,2,0
32,30000,4,1,2017,20,3,2,97,25,1,4,0
10,35000,3,1,2016,7,1,3,47,8,2,1,0
8,160000,2,1,2010,4,4,9,95,10,2,3,1
16,40000,1,1,2016,10,1,3,44,25,3,4,0
31,28000,3,1,2016,19,3,2,22,8,2,1,0
22,52500,5,1,2016,22,2,3,66,25,1,2,0
8,160000,2,1,2010,4,4,9,27,21,1,3,1
7,28000,4,1,2016,1,4,2,73,30,1,3,0
21,42500,1,2,2018,3,4,1,17,15,2,4,0
22,52500,5,1,2016,22,2,3,41,30,2,3,0
14,45000,1,1,2015,23,2,4,6,29,4,3,1
13,75000,5,1,2012,24,2,6,17,15,2,4,1
33,90000,2,1,2011,6,1,7,53,21,1,3,1
19,80000,5,1,2014,18,3,4,78,24,1,3,1
22,52500,5,1,2016,22,2,3,88,8,2,3,0
28,55000,4,1,2014,16,1,4,85,12,3,4,1
16,40000,1,1,2016,10,1,3,71,15,3,3,0
13,75000,5,1,2012,24,2,6,42,12,1,1,1
25,40000,5,1,2011,15,1,7,12,15,1,2,1
28,55000,4,1,2014,16,1,4,70,29,4,3,1
20,30000,1,1,2015,12,1,3,32,29,2,3,1
33,90000,2,1,2011,6,1,7,11,25,3,3,1
10,35000,3,1,2016,7,1,3,10,16,1,4,0
15,38000,5,2,2016,9,1,3,3,16,2,3,0
14,45000,1,1,2015,23,2,4,21,30,2,3,1
7,28000,4,1,2016,1,4,2,35,12,1,2,1
24,75000,2,2,2014,13,1,4,23,8,4,1,0
9,40000,5,1,2016,5,4,3,98,20,4,1,0
30,35000,2,1,2017,21,2,1,81,25,1,2,0
21,42500,1,2,2018,3,4,1,32,29,2,3,0
10,35000,3,1,2016,7,1,3,53,21,1,3,0
29,37500,4,1,2017,17,3,3,87,21,1,3,0
9,40000,5,1,2016,5,4,3,95,10,2,3,0
29,37500,4,1,2017,17,3,3,97,25,1,4,0
15,38000,5,2,2016,9,1,3,27,21,1,3,0
9,40000,5,1,2016,5,4,3,35,12,1,2,0
30,35000,2,1,2017,21,2,1,74,20,4,3,0
23,25000,5,2,2008,2,4,10,12,15,1,2,1
15,38000,5,2,2016,9,1,3,62,15,2,2,0
10,35000,3,1,2016,7,1,3,6,29,4,3,1
20,30000,1,1,2015,12,1,3,19,18,1,2,1
9,40000,5,1,2016,5,4,3,46,29,3,3,1
14,45000,1,1,2015,23,2,4,92,12,2,2,1
20,30000,1,1,2015,12,1,3,96,16,2,2,1
12,57500,5,1,2012,8,1,6,86,28,2,2,1
15,38000,5,2,2016,9,1,3,56,16,3,2,0
28,55000,4,1,2014,16,1,4,68,33,2,2,1
13,75000,5,1,2012,24,2,6,14,8,2,3,1
15,38000,5,2,2016,9,1,3,76,23,3,1,1
15,38000,5,2,2016,9,1,3,42,12,1,1,0
25,55000,3,1,2014,14,1,4,29,8,2,3,1
21,42500,1,2,2018,3,4,1,94,28,1,3,0
19,80000,5,1,2014,18,3,4,63,25,3,3,1
9,40000,5,1,2016,5,4,3,12,15,1,2,0
8,160000,2,1,2010,4,4,9,21,30,2,3,1
8,160000,2,1,2010,4,4,9,79,8,4,3,1
22,52500,5,1,2016,22,2,3,98,20,4,1,0
19,80000,5,1,2014,18,3,4,12,15,1,2,1
13,75000,5,1,2012,24,2,6,90,24,2,4,1
25,55000,3,1,2014,14,1,4,35,12,1,2,1
16,40000,1,1,2016,10,1,3,22,8,2,1,0
18,30000,1,1,2018,11,1,2,25,14,1,3,0
15,38000,5,2,2016,9,1,3,59,29,2,3,1
12,57500,5,1,2012,8,1,6,55,14,1,3,1
30,35000,2,1,2017,21,2,1,50,15,3,3,0
25,55000,3,1,2014,14,1,4,33,8,4,1,1
18,30000,1,1,2018,11,1,2,74,20,4,3,0
24,75000,2,2,2014,13,1,4,48,25,2,2,1
25,40000,5,1,2011,15,1,7,38,21,2,3,1
21,42500,1,2,2018,3,4,1,51,33,3,1,0
32,30000,4,1,2017,20,3,2,46,29,3,3,0
7,28000,4,1,2016,1,4,2,57,24,2,1,1
25,55000,3,1,2014,14,1,4,25,14,1,3,1
8,160000,2,1,2010,4,4,9,59,29,2,3,1
9,40000,5,1,2016,5,4,3,87,21,1,3,0
8,160000,2,1,2010,4,4,9,0,19,2,1,1
30,35000,2,1,2017,21,2,1,85,12,3,4,0
23,25000,5,2,2008,2,4,10,37,7,4,5,1
10,35000,3,1,2016,7,1,3,34,32,2,3,1
19,80000,5,1,2014,18,3,4,41,30,2,3,1
14,45000,1,1,2015,23,2,4,14,8,2,3,0
14,45000,1,1,2015,23,2,4,81,25,1,2,1
29,37500,4,1,2017,17,3,3,24,18,3,2,0
16,40000,1,1,2016,10,1,3,24,18,3,2,0
23,25000,5,2,2008,2,4,10,15,10,1,2,1
13,75000,5,1,2012,24,2,6,38,21,2,3,1
13,75000,5,1,2012,24,2,6,91,12,3,1,1
12,57500,5,1,2012,8,1,6,37,7,4,5,1
16,40000,1,1,2016,10,1,3,87,21,1,3,0
24,75000,2,2,2014,13,1,4,59,29,2,3,1
14,45000,1,1,2015,23,2,4,45,12,2,3,1
28,55000,4,1,2014,16,1,4,16,25,3,3,1
28,55000,4,1,2014,16,1,4,20,8,2,3,0
12,57500,5,1,2012,8,1,6,28,9,2,1,1
31,28000,3,1,2016,19,3,2,99,15,1,4,0
9,40000,5,1,2016,5,4,3,90,24,2,4,0
25,55000,3,1,2014,14,1,4,24,18,3,2,1
18,30000,1,1,2018,11,1,2,37,7,4,5,1
14,45000,1,1,2015,23,2,4,23,8,4,1,0
32,30000,4,1,2017,20,3,2,63,25,3,3,0
14,45000,1,1,2015,23,2,4,75,25,3,3,1
15,38000,5,2,2016,9,1,3,22,8,2,1,0
30,35000,2,1,2017,21,2,1,0,19,2,1,0
29,37500,4,1,2017,17,3,3,43,10,2,2,0
19,80000,5,1,2014,18,3,4,45,12,2,3,1
12,57500,5,1,2012,8,1,6,32,29,2,3,1
14,45000,1,1,2015,23,2,4,70,29,4,3,1
8,160000,2,1,2010,4,4,9,41,30,2,3,1
7,28000,4,1,2016,1,4,2,72,13,1,3,0
9,40000,5,1,2016,5,4,3,33,8,4,1,0
20,30000,1,1,2015,12,1,3,38,21,2,3,1
30,35000,2,1,2017,21,2,1,89,16,3,4,0
20,175000,5,1,2006,24,4,12,81,25,1,2,1
22,52500,5,1,2016,22,2,3,77,7,3,3,1
23,25000,5,2,2008,2,4,10,8,14,2,3,1
32,30000,4,1,2017,20,3,2,26,32,4,1,0
18,30000,1,1,2018,11,1,2,77,7,3,3,1
24,75000,2,2,2014,13,1,4,33,8,4,1,0
8,160000,2,1,2010,4,4,9,65,20,4,1,1
20,30000,1,1,2015,12,1,3,6,29,4,3,1
13,75000,5,1,2012,24,2,6,32,29,2,3,1
21,42500,1,2,2018,3,4,1,53,21,1,3,1
12,57500,5,1,2012,8,1,6,56,16,3,2,1
30,35000,2,1,2017,21,2,1,98,20,4,1,0
8,160000,2,1,2010,4,4,9,6,29,4,3,1
28,55000,4,1,2014,16,1,4,14,8,2,3,0
7,28000,4,1,2016,1,4,2,25,14,1,3,0
8,160000,2,1,2010,4,4,9,43,10,2,2,1
7,28000,4,1,2016,1,4,2,64,25,1,1,1
7,28000,4,1,2016,1,4,2,13,20,3,4,1
7,28000,4,1,2016,1,4,2,83,9,4,1,0
18,30000,1,1,2018,11,1,2,17,15,2,4,0
20,30000,1,1,2015,12,1,3,74,20,4,3,1
9,40000,5,1,2016,5,4,3,47,8,2,1,0
23,25000,5,2,2008,2,4,10,41,30,2,3,1
15,38000,5,2,2016,9,1,3,85,12,3,4,0
19,80000,5,1,2014,18,3,4,14,8,2,3,0
20,175000,5,1,2006,24,4,12,63,25,3,3,1
25,40000,5,1,2011,15,1,7,40,24,1,2,1
30,35000,2,1,2017,21,2,1,7,14,2,3,0
24,75000,2,2,2014,13,1,4,11,25,3,3,1
9,40000,5,1,2016,5,4,3,57,24,2,1,0
24,75000,2,2,2014,13,1,4,56,16,3,2,1
14,45000,1,1,2015,23,2,4,27,21,1,3,0
29,37500,4,1,2017,17,3,3,65,20,4,1,0
16,40000,1,1,2016,10,1,3,64,25,1,1,0
13,75000,5,1,2012,24,2,6,13,20,3,4,1
9,40000,5,1,2016,5,4,3,34,32,2,3,1
13,75000,5,1,2012,24,2,6,95,10,2,3,1
24,75000,2,2,2014,13,1,4,9,19,2,3,1
19,80000,5,1,2014,18,3,4,74,20,4,3,1
33,90000,2,1,2011,6,1,7,64,25,1,1,1
19,80000,5,1,2014,18,3,4,59,29,2,3,1
21,42500,1,2,2018,3,4,1,12,15,1,2,0
33,90000,2,1,2011,6,1,7,31,15,1,1,1
14,45000,1,1,2015,23,2,4,16,25,3,3,1
7,28000,4,1,2016,1,4,2,9,19,2,3,0
30,35000,2,1,2017,21,2,1,49,7,4,1,0
32,30000,4,1,2017,20,3,2,87,21,1,3,0
10,35000,3,1,2016,7,1,3,66,25,1,2,0
15,38000,5,2,2016,9,1,3,32,29,2,3,1
12,57500,5,1,2012,8,1,6,3,16,2,3,1
22,52500,5,1,2016,22,2,3,20,8,2,3,0
9,40000,5,1,2016,5,4,3,78,24,1,3,0
13,75000,5,1,2012,24,2,6,78,24,1,3,1
9,40000,5,1,2016,5,4,3,75,25,3,3,0
21,42500,1,2,2018,3,4,1,97,25,1,4,0
20,175000,5,1,2006,24,4,12,21,30,2,3,1
15,38000,5,2,2016,9,1,3,11,25,3,3,0
10,35000,3,1,2016,7,1,3,24,18,3,2,0
7,28000,4,1,2016,1,4,2,36,20,2,3,0
31,28000,3,1,2016,19,3,2,57,24,2,1,0
33,90000,2,1,2011,6,1,7,91,12,3,1,1
19,80000,5,1,2014,18,3,4,94,28,1,3,1
14,45000,1,1,2015,23,2,4,29,8,2,3,0
16,40000,1,1,2016,10,1,3,15,10,1,2,0
20,30000,1,1,2015,12,1,3,11,25,3,3,1
8,160000,2,1,2010,4,4,9,46,29,3,3,1
9,40000,5,1,2016,5,4,3,65,20,4,1,0
33,90000,2,1,2011,6,1,7,82,22,2,3,1
14,45000,1,1,2015,23,2,4,18,25,3,2,1
25,40000,5,1,2011,15,1,7,72,13,1,3,1
13,75000,5,1,2012,24,2,6,64,25,1,1,1
16,40000,1,1,2016,10,1,3,65,20,4,1,0
20,175000,5,1,2006,24,4,12,17,15,2,4,1
9,40000,5,1,2016,5,4,3,14,8,2,3,0
22,52500,5,1,2016,22,2,3,3,16,2,3,0
20,30000,1,1,2015,12,1,3,95,10,2,3,1
14,45000,1,1,2015,23,2,4,94,28,1,3,1
12,57500,5,1,2012,8,1,6,14,8,2,3,1
22,52500,5,1,2016,22,2,3,99,15,1,4,0
25,55000,3,1,2014,14,1,4,17,15,2,4,1
31,28000,3,1,2016,19,3,2,41,30,2,3,0
29,37500,4,1,2017,17,3,3,80,20,2,4,0
10,35000,3,1,2016,7,1,3,13,20,3,4,0
12,57500,5,1,2012,8,1,6,35,12,1,2,1
14,45000,1,1,2015,23,2,4,98,20,4,1,1
25,40000,5,1,2011,15,1,7,49,7,4,1,1
31,28000,3,1,2016,19,3,2,13,20,3,4,0
10,35000,3,1,2016,7,1,3,35,12,1,2,0
12,57500,5,1,2012,8,1,6,73,30,1,3,1
30,35000,2,1,2017,21,2,1,42,12,1,1,0
12,57500,5,1,2012,8,1,6,83,9,4,1,1
25,55000,3,1,2014,14,1,4,79,8,4,3,1
15,38000,5,2,2016,9,1,3,1,25,2,3,0
14,45000,1,1,2015,23,2,4,38,21,2,3,0
13,75000,5,1,2012,24,2,6,58,22,2,3,1
16,40000,1,1,2016,10,1,3,48,25,2,2,0
24,75000,2,2,2014,13,1,4,38,21,2,3,0
20,30000,1,1,2015,12,1,3,16,25,3,3,1
9,40000,5,1,2016,5,4,3,38,21,2,3,0
21,42500,1,2,2018,3,4,1,23,8,4,1,0
20,175000,5,1,2006,24,4,12,86,28,2,2,1
20,30000,1,1,2015,12,1,3,51,33,3,1,1
16,40000,1,1,2016,10,1,3,14,8,2,3,0
33,90000,2,1,2011,6,1,7,89,16,3,4,1
25,55000,3,1,2014,14,1,4,86,28,2,2,1
33,90000,2,1,2011,6,1,7,44,25,3,4,1
31,28000,3,1,2016,19,3,2,73,30,1,3,0
29,37500,4,1,2017,17,3,3,53,21,1,3,0
20,175000,5,1,2006,24,4,12,43,10,2,2,1
16,40000,1,1,2016,10,1,3,88,8,2,3,0
14,45000,1,1,2015,23,2,4,33,8,4,1,0
21,42500,1,2,2018,3,4,1,63,25,3,3,0
20,175000,5,1,2006,24,4,12,75,25,3,3,1
29,37500,4,1,2017,17,3,3,12,15,1,2,0
14,45000,1,1,2015,23,2,4,60,30,1,3,1
14,45000,1,1,2015,23,2,4,68,33,2,2,1
8,160000,2,1,2010,4,4,9,62,15,2,2,1
29,37500,4,1,2017,17,3,3,31,15,1,1,0
15,38000,5,2,2016,9,1,3,90,24,2,4,0
24,75000,2,2,2014,13,1,4,76,23,3,1,1
25,55000,3,1,2014,14,1,4,97,25,1,4,1
25,55000,3,1,2014,14,1,4,53,21,1,3,1
18,30000,1,1,2018,11,1,2,31,15,1,1,0
13,75000,5,1,2012,24,2,6,37,7,4,5,1
33,90000,2,1,2011,6,1,7,5,23,3,3,1
29,37500,4,1,2017,17,3,3,11,25,3,3,0
16,40000,1,1,2016,10,1,3,28,9,2,1,0
20,175000,5,1,2006,24,4,12,76,23,3,1,1
20,30000,1,1,2015,12,1,3,54,30,2,3,1
24,75000,2,2,2014,13,1,4,49,7,4,1,1
20,175000,5,1,2006,24,4,12,56,16,3,2,1
30,35000,2,1,2017,21,2,1,31,15,1,1,0
32,30000,4,1,2017,20,3,2,11,25,3,3,0
8,160000,2,1,2010,4,4,9,50,15,3,3,1
28,55000,4,1,2014,16,1,4,72,13,1,3,1
21,42500,1,2,2018,3,4,1,82,22,2,3,0
16,40000,1,1,2016,10,1,3,38,21,2,3,0
25,55000,3,1,2014,14,1,4,94,28,1,3,1
31,28000,3,1,2016,19,3,2,55,14,1,3,0
20,30000,1,1,2015,12,1,3,0,19,2,1,1
22,52500,5,1,2016,22,2,3,37,7,4,5,1
15,38000,5,2,2016,9,1,3,89,16,3,4,0
19,80000,5,1,2014,18,3,4,98,20,4,1,1
28,55000,4,1,2014,16,1,4,26,32,4,1,1
21,42500,1,2,2018,3,4,1,38,21,2,3,1
23,25000,5,2,2008,2,4,10,87,21,1,3,1
25,55000,3,1,2014,14,1,4,45,12,2,3,1
13,75000,5,1,2012,24,2,6,63,25,3,3,1
20,175000,5,1,2006,24,4,12,57,24,2,1,1
30,35000,2,1,2017,21,2,1,55,14,1,3,0
14,45000,1,1,2015,23,2,4,95,10,2,3,1
29,37500,4,1,2017,17,3,3,96,16,2,2,0
30,35000,2,1,2017,21,2,1,77,7,3,3,0
23,25000,5,2,2008,2,4,10,43,10,2,2,1
30,35000,2,1,2017,21,2,1,33,8,4,1,0
19,80000,5,1,2014,18,3,4,99,15,1,4,1
33,90000,2,1,2011,6,1,7,55,14,1,3,1
13,75000,5,1,2012,24,2,6,65,20,4,1,1
14,45000,1,1,2015,23,2,4,0,19,2,1,1
20,175000,5,1,2006,24,4,12,33,8,4,1,1
30,35000,2,1,2017,21,2,1,70,29,4,3,0
32,30000,4,1,2017,20,3,2,56,16,3,2,0
18,30000,1,1,2018,11,1,2,55,14,1,3,0
13,75000,5,1,2012,24,2,6,56,16,3,2,1
15,38000,5,2,2016,9,1,3,88,8,2,3,0
20,175000,5,1,2006,24,4,12,74,20,4,3,1
23,25000,5,2,2008,2,4,10,26,32,4,1,1
15,38000,5,2,2016,9,1,3,6,29,4,3,1
20,30000,1,1,2015,12,1,3,25,14,1,3,1
8,160000,2,1,2010,4,4,9,3,16,2,3,1
16,40000,1,1,2016,10,1,3,94,28,1,3,0
31,28000,3,1,2016,19,3,2,27,21,1,3,0
16,40000,1,1,2016,10,1,3,96,16,2,2,0
25,55000,3,1,2014,14,1,4,93,29,3,3,1
24,75000,2,2,2014,13,1,4,88,8,2,3,0
10,35000,3,1,2016,7,1,3,11,25,3,3,0
9,40000,5,1,2016,5,4,3,8,14,2,3,0
7,28000,4,1,2016,1,4,2,51,33,3,1,1
30,35000,2,1,2017,21,2,1,3,16,2,3,0
33,90000,2,1,2011,6,1,7,49,7,4,1,1
31,28000,3,1,2016,19,3,2,80,20,2,4,0
31,28000,3,1,2016,19,3,2,62,15,2,2,0
12,57500,5,1,2012,8,1,6,16,25,3,3,1
14,45000,1,1,2015,23,2,4,17,15,2,4,1
25,55000,3,1,2014,14,1,4,83,9,4,1,1
14,45000,1,1,2015,23,2,4,9,19,2,3,1
8,160000,2,1,2010,4,4,9,82,22,2,3,1
20,30000,1,1,2015,12,1,3,15,10,1,2,1
29,37500,4,1,2017,17,3,3,33,8,4,1,0
33,90000,2,1,2011,6,1,7,19,18,1,2,1
31,28000,3,1,2016,19,3,2,21,30,2,3,0
21,42500,1,2,2018,3,4,1,75,25,3,3,0
29,37500,4,1,2017,17,3,3,3,16,2,3,0
20,30000,1,1,2015,12,1,3,46,29,3,3,1
12,57500,5,1,2012,8,1,6,6,29,4,3,1
19,80000,5,1,2014,18,3,4,80,20,2,4,1
13,75000,5,1,2012,24,2,6,47,8,2,1,1
20,175000,5,1,2006,24,4,12,13,20,3,4,1
10,35000,3,1,2016,7,1,3,87,21,1,3,0
20,175000,5,1,2006,24,4,12,99,15,1,4,1
12,57500,5,1,2012,8,1,6,29,8,2,3,1
9,40000,5,1,2016,5,4,3,22,8,2,1,0
10,35000,3,1,2016,7,1,3,21,30,2,3,0
31,28000,3,1,2016,19,3,2,14,8,2,3,0
25,55000,3,1,2014,14,1,4,2,19,4,3,1
32,30000,4,1,2017,20,3,2,22,8,2,1,0
33,90000,2,1,2011,6,1,7,51,33,3,1,1
33,90000,2,1,2011,6,1,7,8,14,2,3,1
23,25000,5,2,2008,2,4,10,4,13,1,3,1
22,52500,5,1,2016,22,2,3,7,14,2,3,0
33,90000,2,1,2011,6,1,7,14,8,2,3,1
12,57500,5,1,2012,8,1,6,36,20,2,3,1
16,40000,1,1,2016,10,1,3,60,30,1,3,0
13,75000,5,1,2012,24,2,6,7,14,2,3,1
12,57500,5,1,2012,8,1,6,76,23,3,1,1
12,57500,5,1,2012,8,1,6,79,8,4,3,1
13,75000,5,1,2012,24,2,6,25,14,1,3,1
9,40000,5,1,2016,5,4,3,53,21,1,3,0
32,30000,4,1,2017,20,3,2,72,13,1,3,0
29,37500,4,1,2017,17,3,3,85,12,3,4,0
30,35000,2,1,2017,21,2,1,44,25,3,4,0
20,30000,1,1,2015,12,1,3,30,10,2,4,1
25,55000,3,1,2014,14,1,4,48,25,2,2,1
31,28000,3,1,2016,19,3,2,54,30,2,3,0
33,90000,2,1,2011,6,1,7,35,12,1,2,1
30,35000,2,1,2017,21,2,1,37,7,4,5,0
29,37500,4,1,2017,17,3,3,59,29,2,3,1
33,90000,2,1,2011,6,1,7,71,15,3,3,1
16,40000,1,1,2016,10,1,3,57,24,2,1,0
16,40000,1,1,2016,10,1,3,69,16,1,4,0
32,30000,4,1,2017,20,3,2,34,32,2,3,0
12,57500,5,1,2012,8,1,6,53,21,1,3,1
18,30000,1,1,2018,11,1,2,26,32,4,1,0
28,55000,4,1,2014,16,1,4,56,16,3,2,1
21,42500,1,2,2018,3,4,1,65,20,4,1,0
28,55000,4,1,2014,16,1,4,18,25,3,2,1
22,52500,5,1,2016,22,2,3,0,19,2,1,1
21,42500,1,2,2018,3,4,1,55,14,1,3,0
28,55000,4,1,2014,16,1,4,12,15,1,2,1
16,40000,1,1,2016,10,1,3,90,24,2,4,0
32,30000,4,1,2017,20,3,2,2,19,4,3,0
24,75000,2,2,2014,13,1,4,89,16,3,4,1
24,75000,2,2,2014,13,1,4,12,15,1,2,1
13,75000,5,1,2012,24,2,6,31,15,1,1,1
7,28000,4,1,2016,1,4,2,81,25,1,2,1
29,37500,4,1,2017,17,3,3,7,14,2,3,0
21,42500,1,2,2018,3,4,1,26,32,4,1,0
13,75000,5,1,2012,24,2,6,26,32,4,1,1
25,40000,5,1,2011,15,1,7,18,25,3,2,1
31,28000,3,1,2016,19,3,2,44,25,3,4,0
28,55000,4,1,2014,16,1,4,4,13,1,3,1
20,30000,1,1,2015,12,1,3,5,23,3,3,1
32,30000,4,1,2017,20,3,2,89,16,3,4,0
18,30000,1,1,2018,11,1,2,67,25,2,1,0
9,40000,5,1,2016,5,4,3,52,21,2,1,0
12,57500,5,1,2012,8,1,6,92,12,2,2,1
19,80000,5,1,2014,18,3,4,68,33,2,2,1
9,40000,5,1,2016,5,4,3,68,33,2,2,0
28,55000,4,1,2014,16,1,4,40,24,1,2,1
31,28000,3,1,2016,19,3,2,12,15,1,2,0
13,75000,5,1,2012,24,2,6,33,8,4,1,1
8,160000,2,1,2010,4,4,9,52,21,2,1,1
15,38000,5,2,2016,9,1,3,47,8,2,1,0
14,45000,1,1,2015,23,2,4,69,16,1,4,1
25,40000,5,1,2011,15,1,7,4,13,1,3,1
20,30000,1,1,2015,12,1,3,71,15,3,3,1
20,175000,5,1,2006,24,4,12,49,7,4,1,1
33,90000,2,1,2011,6,1,7,15,10,1,2,1
18,30000,1,1,2018,11,1,2,97,25,1,4,0
28,55000,4,1,2014,16,1,4,97,25,1,4,1
23,25000,5,2,2008,2,4,10,67,25,2,1,1
9,40000,5,1,2016,5,4,3,83,9,4,1,0
20,30000,1,1,2015,12,1,3,21,30,2,3,1
12,57500,5,1,2012,8,1,6,59,29,2,3,1
24,75000,2,2,2014,13,1,4,68,33,2,2,1
19,80000,5,1,2014,18,3,4,82,22,2,3,1
14,45000,1,1,2015,23,2,4,3,16,2,3,1
14,45000,1,1,2015,23,2,4,24,18,3,2,1
18,30000,1,1,2018,11,1,2,7,14,2,3,0
18,30000,1,1,2018,11,1,2,86,28,2,2,0
12,57500,5,1,2012,8,1,6,61,14,1,3,1
14,45000,1,1,2015,23,2,4,73,30,1,3,1
23,25000,5,2,2008,2,4,10,23,8,4,1,1
21,42500,1,2,2018,3,4,1,84,16,1,2,0
22,52500,5,1,2016,22,2,3,91,12,3,1,0
13,75000,5,1,2012,24,2,6,10,16,1,4,1
28,55000,4,1,2014,16,1,4,52,21,2,1,0
8,160000,2,1,2010,4,4,9,98,20,4,1,1
12,57500,5,1,2012,8,1,6,68,33,2,2,1
18,30000,1,1,2018,11,1,2,4,13,1,3,0
24,75000,2,2,2014,13,1,4,80,20,2,4,1
20,30000,1,1,2015,12,1,3,60,30,1,3,1
7,28000,4,1,2016,1,4,2,95,10,2,3,1
9,40000,5,1,2016,5,4,3,93,29,3,3,1
33,90000,2,1,2011,6,1,7,22,8,2,1,1
32,30000,4,1,2017,20,3,2,74,20,4,3,0
7,28000,4,1,2016,1,4,2,65,20,4,1,0
24,75000,2,2,2014,13,1,4,94,28,1,3,1
8,160000,2,1,2010,4,4,9,77,7,3,3,1
16,40000,1,1,2016,10,1,3,32,29,2,3,1
19,80000,5,1,2014,18,3,4,83,9,4,1,1
20,30000,1,1,2015,12,1,3,94,28,1,3,1
15,38000,5,2,2016,9,1,3,92,12,2,2,0
33,90000,2,1,2011,6,1,7,9,19,2,3,1
28,55000,4,1,2014,16,1,4,62,15,2,2,1
29,37500,4,1,2017,17,3,3,21,30,2,3,0
7,28000,4,1,2016,1,4,2,23,8,4,1,0
25,55000,3,1,2014,14,1,4,41,30,2,3,1
21,42500,1,2,2018,3,4,1,89,16,3,4,0
15,38000,5,2,2016,9,1,3,43,10,2,2,0
14,45000,1,1,2015,23,2,4,31,15,1,1,1
25,55000,3,1,2014,14,1,4,63,25,3,3,1
16,40000,1,1,2016,10,1,3,3,16,2,3,0
22,52500,5,1,2016,22,2,3,79,8,4,3,0
18,30000,1,1,2018,11,1,2,52,21,2,1,0
32,30000,4,1,2017,20,3,2,23,8,4,1,0
28,55000,4,1,2014,16,1,4,79,8,4,3,0
16,40000,1,1,2016,10,1,3,49,7,4,1,1
8,160000,2,1,2010,4,4,9,11,25,3,3,1
12,57500,5,1,2012,8,1,6,89,16,3,4,1
10,35000,3,1,2016,7,1,3,51,33,3,1,0
22,52500,5,1,2016,22,2,3,6,29,4,3,1
9,40000,5,1,2016,5,4,3,77,7,3,3,1
29,37500,4,1,2017,17,3,3,60,30,1,3,0
12,57500,5,1,2012,8,1,6,5,23,3,3,1
20,30000,1,1,2015,12,1,3,73,30,1,3,1
28,55000,4,1,2014,16,1,4,78,24,1,3,1
32,30000,4,1,2017,20,3,2,9,19,2,3,0
32,30000,4,1,2017,20,3,2,93,29,3,3,0
7,28000,4,1,2016,1,4,2,24,18,3,2,1
25,55000,3,1,2014,14,1,4,71,15,3,3,1
32,30000,4,1,2017,20,3,2,35,12,1,2,0
7,28000,4,1,2016,1,4,2,0,19,2,1,0
32,30000,4,1,2017,20,3,2,98,20,4,1,0
33,90000,2,1,2011,6,1,7,76,23,3,1,1
25,55000,3,1,2014,14,1,4,85,12,3,4,1
9,40000,5,1,2016,5,4,3,15,10,1,2,0
9,40000,5,1,2016,5,4,3,16,25,3,3,0
20,30000,1,1,2015,12,1,3,43,10,2,2,1
20,175000,5,1,2006,24,4,12,11,25,3,3,1
24,75000,2,2,2014,13,1,4,82,22,2,3,1
23,25000,5,2,2008,2,4,10,2,19,4,3,1
33,90000,2,1,2011,6,1,7,85,12,3,4,1
25,55000,3,1,2014,14,1,4,8,14,2,3,1
14,45000,1,1,2015,23,2,4,19,18,1,2,1
18,30000,1,1,2018,11,1,2,60,30,1,3,0
16,40000,1,1,2016,10,1,3,30,10,2,4,0
21,42500,1,2,2018,3,4,1,11,25,3,3,0
32,30000,4,1,2017,20,3,2,85,12,3,4,0
29,37500,4,1,2017,17,3,3,28,9,2,1,0
29,37500,4,1,2017,17,3,3,29,8,2,3,0
30,35000,2,1,2017,21,2,1,14,8,2,3,0
23,25000,5,2,2008,2,4,10,95,10,2,3,1
32,30000,4,1,2017,20,3,2,28,9,2,1,0
25,40000,5,1,2011,15,1,7,3,16,2,3,1
32,30000,4,1,2017,20,3,2,90,24,2,4,0
21,42500,1,2,2018,3,4,1,70,29,4,3,0
14,45000,1,1,2015,23,2,4,59,29,2,3,1
19,80000,5,1,2014,18,3,4,2,19,4,3,1
20,175000,5,1,2006,24,4,12,29,8,2,3,1
8,160000,2,1,2010,4,4,9,48,25,2,2,1
16,40000,1,1,2016,10,1,3,4,13,1,3,0
32,30000,4,1,2017,20,3,2,76,23,3,1,1
20,175000,5,1,2006,24,4,12,48,25,2,2,1
12,57500,5,1,2012,8,1,6,71,15,3,3,1
10,35000,3,1,2016,7,1,3,26,32,4,1,1
15,38000,5,2,2016,9,1,3,4,13,1,3,0
22,52500,5,1,2016,22,2,3,46,29,3,3,1
32,30000,4,1,2017,20,3,2,29,8,2,3,0
7,28000,4,1,2016,1,4,2,80,20,2,4,1
19,80000,5,1,2014,18,3,4,60,30,1,3,1
25,55000,3,1,2014,14,1,4,57,24,2,1,1
23,25000,5,2,2008,2,4,10,74,20,4,3,1
25,40000,5,1,2011,15,1,7,53,21,1,3,1
20,30000,1,1,2015,12,1,3,20,8,2,3,1
14,45000,1,1,2015,23,2,4,62,15,2,2,1
24,75000,2,2,2014,13,1,4,95,10,2,3,1
8,160000,2,1,2010,4,4,9,72,13,1,3,1
10,35000,3,1,2016,7,1,3,98,20,4,1,0
7,28000,4,1,2016,1,4,2,67,25,2,1,1
33,90000,2,1,2011,6,1,7,37,7,4,5,1
20,175000,5,1,2006,24,4,12,28,9,2,1,1
33,90000,2,1,2011,6,1,7,43,10,2,2,1
24,75000,2,2,2014,13,1,4,46,29,3,3,1
8,160000,2,1,2010,4,4,9,45,12,2,3,1
33,90000,2,1,2011,6,1,7,57,24,2,1,1
14,45000,1,1,2015,23,2,4,22,8,2,1,0
19,80000,5,1,2014,18,3,4,56,16,3,2,1
15,38000,5,2,2016,9,1,3,73,30,1,3,0
7,28000,4,1,2016,1,4,2,44,25,3,4,1
22,52500,5,1,2016,22,2,3,44,25,3,4,0
23,25000,5,2,2008,2,4,10,81,25,1,2,1
12,57500,5,1,2012,8,1,6,34,32,2,3,1
10,35000,3,1,2016,7,1,3,99,15,1,4,0
15,38000,5,2,2016,9,1,3,14,8,2,3,0
20,175000,5,1,2006,24,4,12,68,33,2,2,1
33,90000,2,1,2011,6,1,7,1,25,2,3,1
31,28000,3,1,2016,19,3,2,46,29,3,3,0
18,30000,1,1,2018,11,1,2,61,14,1,3,0
33,90000,2,1,2011,6,1,7,99,15,1,4,1
33,90000,2,1,2011,6,1,7,36,20,2,3,1
19,80000,5,1,2014,18,3,4,47,8,2,1,0
25,55000,3,1,2014,14,1,4,96,16,2,2,1
19,80000,5,1,2014,18,3,4,52,21,2,1,0
19,80000,5,1,2014,18,3,4,46,29,3,3,1
25,40000,5,1,2011,15,1,7,51,33,3,1,1
22,52500,5,1,2016,22,2,3,59,29,2,3,1
14,45000,1,1,2015,23,2,4,5,23,3,3,1
14,45000,1,1,2015,23,2,4,54,30,2,3,1
22,52500,5,1,2016,22,2,3,33,8,4,1,0
25,55000,3,1,2014,14,1,4,44,25,3,4,1
7,28000,4,1,2016,1,4,2,29,8,2,3,0
29,37500,4,1,2017,17,3,3,66,25,1,2,0
8,160000,2,1,2010,4,4,9,99,15,1,4,1
21,42500,1,2,2018,3,4,1,74,20,4,3,0
20,30000,1,1,2015,12,1,3,31,15,1,1,1
20,30000,1,1,2015,12,1,3,66,25,1,2,1
21,42500,1,2,2018,3,4,1,22,8,2,1,0
28,55000,4,1,2014,16,1,4,66,25,1,2,1
10,35000,3,1,2016,7,1,3,14,8,2,3,0
21,42500,1,2,2018,3,4,1,79,8,4,3,0
21,42500,1,2,2018,3,4,1,52,21,2,1,1
10,35000,3,1,2016,7,1,3,60,30,1,3,0
18,30000,1,1,2018,11,1,2,10,16,1,4,0
22,52500,5,1,2016,22,2,3,43,10,2,2,0
25,40000,5,1,2011,15,1,7,5,23,3,3,1
8,160000,2,1,2010,4,4,9,51,33,3,1,1
7,28000,4,1,2016,1,4,2,53,21,1,3,0
19,80000,5,1,2014,18,3,4,86,28,2,2,1
31,28000,3,1,2016,19,3,2,51,33,3,1,0
9,40000,5,1,2016,5,4,3,54,30,2,3,0
33,90000,2,1,2011,6,1,7,79,8,4,3,1
12,57500,5,1,2012,8,1,6,78,24,1,3,1
19,80000,5,1,2014,18,3,4,27,21,1,3,0
30,35000,2,1,2017,21,2,1,60,30,1,3,0
23,25000,5,2,2008,2,4,10,46,29,3,3,1
22,52500,5,1,2016,22,2,3,83,9,4,1,0
14,45000,1,1,2015,23,2,4,40,24,1,2,1
15,38000,5,2,2016,9,1,3,2,19,4,3,1
16,40000,1,1,2016,10,1,3,89,16,3,4,0
8,160000,2,1,2010,4,4,9,2,19,4,3,1
20,175000,5,1,2006,24,4,12,2,19,4,3,1
29,37500,4,1,2017,17,3,3,14,8,2,3,0
12,57500,5,1,2012,8,1,6,8,14,2,3,1
20,175000,5,1,2006,24,4,12,5,23,3,3,1
31,28000,3,1,2016,19,3,2,47,8,2,1,0
8,160000,2,1,2010,4,4,9,20,8,2,3,1
28,55000,4,1,2014,16,1,4,60,30,1,3,1
23,25000,5,2,2008,2,4,10,42,12,1,1,1
21,42500,1,2,2018,3,4,1,59,29,2,3,0
9,40000,5,1,2016,5,4,3,91,12,3,1,0
31,28000,3,1,2016,19,3,2,74,20,4,3,0
18,30000,1,1,2018,11,1,2,66,25,1,2,0
19,80000,5,1,2014,18,3,4,23,8,4,1,0
28,55000,4,1,2014,16,1,4,57,24,2,1,1
25,55000,3,1,2014,14,1,4,82,22,2,3,1
25,55000,3,1,2014,14,1,4,61,14,1,3,1
30,35000,2,1,2017,21,2,1,17,15,2,4,0
8,160000,2,1,2010,4,4,9,14,8,2,3,1
23,25000,5,2,2008,2,4,10,64,25,1,1,1
12,57500,5,1,2012,8,1,6,69,16,1,4,1
25,55000,3,1,2014,14,1,4,43,10,2,2,1
33,90000,2,1,2011,6,1,7,65,20,4,1,1
28,55000,4,1,2014,16,1,4,17,15,2,4,1
9,40000,5,1,2016,5,4,3,21,30,2,3,0
19,80000,5,1,2014,18,3,4,75,25,3,3,1
21,42500,1,2,2018,3,4,1,31,15,1,1,0
29,37500,4,1,2017,17,3,3,5,23,3,3,1
30,35000,2,1,2017,21,2,1,92,12,2,2,0
28,55000,4,1,2014,16,1,4,38,21,2,3,0
25,40000,5,1,2011,15,1,7,96,16,2,2,1
20,30000,1,1,2015,12,1,3,35,12,1,2,1
7,28000,4,1,2016,1,4,2,22,8,2,1,0
22,52500,5,1,2016,22,2,3,90,24,2,4,0
22,52500,5,1,2016,22,2,3,75,25,3,3,0
22,52500,5,1,2016,22,2,3,39,9,3,1,0
16,40000,1,1,2016,10,1,3,29,8,2,3,0
20,175000,5,1,2006,24,4,12,62,15,2,2,1
31,28000,3,1,2016,19,3,2,93,29,3,3,0
10,35000,3,1,2016,7,1,3,63,25,3,3,0
28,55000,4,1,2014,16,1,4,83,9,4,1,1
8,160000,2,1,2010,4,4,9,91,12,3,1,1
10,35000,3,1,2016,7,1,3,20,8,2,3,0
9,40000,5,1,2016,5,4,3,18,25,3,2,0
13,75000,5,1,2012,24,2,6,81,25,1,2,1
29,37500,4,1,2017,17,3,3,73,30,1,3,0
25,40000,5,1,2011,15,1,7,13,20,3,4,1
9,40000,5,1,2016,5,4,3,97,25,1,4,0
9,40000,5,1,2016,5,4,3,19,18,1,2,0
18,30000,1,1,2018,11,1,2,32,29,2,3,0
21,42500,1,2,2018,3,4,1,91,12,3,1,0
15,38000,5,2,2016,9,1,3,72,13,1,3,0
23,25000,5,2,2008,2,4,10,16,25,3,3,1
16,40000,1,1,2016,10,1,3,51,33,3,1,0
7,28000,4,1,2016,1,4,2,49,7,4,1,1
23,25000,5,2,2008,2,4,10,91,12,3,1,1
20,175000,5,1,2006,24,4,12,69,16,1,4,1
25,40000,5,1,2011,15,1,7,27,21,1,3,1
23,25000,5,2,2008,2,4,10,24,18,3,2,1
14,45000,1,1,2015,23,2,4,84,16,1,2,1
18,30000,1,1,2018,11,1,2,44,25,3,4,0
8,160000,2,1,2010,4,4,9,13,20,3,4,1
22,52500,5,1,2016,22,2,3,61,14,1,3,0
24,75000,2,2,2014,13,1,4,44,25,3,4,1
15,38000,5,2,2016,9,1,3,28,9,2,1,0
13,75000,5,1,2012,24,2,6,23,8,4,1,1
19,80000,5,1,2014,18,3,4,21,30,2,3,1
29,37500,4,1,2017,17,3,3,54,30,2,3,0
23,25000,5,2,2008,2,4,10,93,29,3,3,1
9,40000,5,1,2016,5,4,3,25,14,1,3,0
20,175000,5,1,2006,24,4,12,51,33,3,1,1
22,52500,5,1,2016,22,2,3,4,13,1,3,0
22,52500,5,1,2016,22,2,3,70,29,4,3,1
18,30000,1,1,2018,11,1,2,36,20,2,3,0
20,175000,5,1,2006,24,4,12,77,7,3,3,1
31,28000,3,1,2016,19,3,2,38,21,2,3,0
20,175000,5,1,2006,24,4,12,38,21,2,3,1
20,175000,5,1,2006,24,4,12,82,22,2,3,1
29,37500,4,1,2017,17,3,3,10,16,1,4,0
7,28000,4,1,2016,1,4,2,84,16,1,2,1
9,40000,5,1,2016,5,4,3,51,33,3,1,0
22,52500,5,1,2016,22,2,3,74,20,4,3,0
22,52500,5,1,2016,22,2,3,97,25,1,4,0
20,30000,1,1,2015,12,1,3,53,21,1,3,1
29,37500,4,1,2017,17,3,3,26,32,4,1,1
25,40000,5,1,2011,15,1,7,93,29,3,3,1
28,55000,4,1,2014,16,1,4,77,7,3,3,1
20,30000,1,1,2015,12,1,3,77,7,3,3,1
20,175000,5,1,2006,24,4,12,94,28,1,3,1
21,42500,1,2,2018,3,4,1,67,25,2,1,0
23,25000,5,2,2008,2,4,10,94,28,1,3,1
20,175000,5,1,2006,24,4,12,9,19,2,3,1
31,28000,3,1,2016,19,3,2,23,8,4,1,0
12,57500,5,1,2012,8,1,6,30,10,2,4,1
33,90000,2,1,2011,6,1,7,93,29,3,3,1
33,90000,2,1,2011,6,1,7,84,16,1,2,1
29,37500,4,1,2017,17,3,3,42,12,1,1,0
15,38000,5,2,2016,9,1,3,55,14,1,3,0
16,40000,1,1,2016,10,1,3,83,9,4,1,0
25,40000,5,1,2011,15,1,7,20,8,2,3,1
22,52500,5,1,2016,22,2,3,81,25,1,2,0
15,38000,5,2,2016,9,1,3,9,19,2,3,1
29,37500,4,1,2017,17,3,3,76,23,3,1,1
25,40000,5,1,2011,15,1,7,1,25,2,3,1
23,25000,5,2,2008,2,4,10,54,30,2,3,1
20,30000,1,1,2015,12,1,3,91,12,3,1,1
31,28000,3,1,2016,19,3,2,50,15,3,3,0
14,45000,1,1,2015,23,2,4,78,24,1,3,1
14,45000,1,1,2015,23,2,4,87,21,1,3,0
23,25000,5,2,2008,2,4,10,65,20,4,1,1
25,40000,5,1,2011,15,1,7,21,30,2,3,1
28,55000,4,1,2014,16,1,4,96,16,2,2,1
24,75000,2,2,2014,13,1,4,81,25,1,2,1
32,30000,4,1,2017,20,3,2,78,24,1,3,0
29,37500,4,1,2017,17,3,3,92,12,2,2,0
7,28000,4,1,2016,1,4,2,20,8,2,3,0
21,42500,1,2,2018,3,4,1,28,9,2,1,0
30,35000,2,1,2017,21,2,1,23,8,4,1,0
25,55000,3,1,2014,14,1,4,60,30,1,3,1
8,160000,2,1,2010,4,4,9,85,12,3,4,1
31,28000,3,1,2016,19,3,2,98,20,4,1,0
33,90000,2,1,2011,6,1,7,23,8,4,1,1
12,57500,5,1,2012,8,1,6,2,19,4,3,1
31,28000,3,1,2016,19,3,2,77,7,3,3,1
20,175000,5,1,2006,24,4,12,53,21,1,3,1
28,55000,4,1,2014,16,1,4,2,19,4,3,1
29,37500,4,1,2017,17,3,3,46,29,3,3,1
25,40000,5,1,2011,15,1,7,90,24,2,4,1
32,30000,4,1,2017,20,3,2,92,12,2,2,0
15,38000,5,2,2016,9,1,3,84,16,1,2,0
20,30000,1,1,2015,12,1,3,37,7,4,5,1
12,57500,5,1,2012,8,1,6,62,15,2,2,1
30,35000,2,1,2017,21,2,1,6,29,4,3,0
9,40000,5,1,2016,5,4,3,20,8,2,3,0
7,28000,4,1,2016,1,4,2,21,30,2,3,0
20,175000,5,1,2006,24,4,12,4,13,1,3,1
29,37500,4,1,2017,17,3,3,23,8,4,1,0
24,75000,2,2,2014,13,1,4,14,8,2,3,0
20,175000,5,1,2006,24,4,12,27,21,1,3,1
7,28000,4,1,2016,1,4,2,17,15,2,4,1
16,40000,1,1,2016,10,1,3,72,13,1,3,0
20,175000,5,1,2006,24,4,12,22,8,2,1,1
30,35000,2,1,2017,21,2,1,67,25,2,1,0
31,28000,3,1,2016,19,3,2,32,29,2,3,0
19,80000,5,1,2014,18,3,4,37,7,4,5,1
14,45000,1,1,2015,23,2,4,44,25,3,4,1
20,30000,1,1,2015,12,1,3,2,19,4,3,1
23,25000,5,2,2008,2,4,10,70,29,4,3,1
23,25000,5,2,2008,2,4,10,34,32,2,3,1
33,90000,2,1,2011,6,1,7,69,16,1,4,1
31,28000,3,1,2016,19,3,2,48,25,2,2,0
10,35000,3,1,2016,7,1,3,38,21,2,3,0
30,35000,2,1,2017,21,2,1,78,24,1,3,0
24,75000,2,2,2014,13,1,4,53,21,1,3,0
29,37500,4,1,2017,17,3,3,90,24,2,4,0
33,90000,2,1,2011,6,1,7,45,12,2,3,1
19,80000,5,1,2014,18,3,4,67,25,2,1,1
20,30000,1,1,2015,12,1,3,82,22,2,3,1
15,38000,5,2,2016,9,1,3,0,19,2,1,1
19,80000,5,1,2014,18,3,4,33,8,4,1,0
25,40000,5,1,2011,15,1,7,34,32,2,3,1
16,40000,1,1,2016,10,1,3,80,20,2,4,0
16,40000,1,1,2016,10,1,3,73,30,1,3,0
18,30000,1,1,2018,11,1,2,0,19,2,1,0
8,160000,2,1,2010,4,4,9,4,13,1,3,1
8,160000,2,1,2010,4,4,9,17,15,2,4,1
10,35000,3,1,2016,7,1,3,85,12,3,4,0
9,40000,5,1,2016,5,4,3,2,19,4,3,1
8,160000,2,1,2010,4,4,9,96,16,2,2,1
29,37500,4,1,2017,17,3,3,50,15,3,3,0
25,55000,3,1,2014,14,1,4,49,7,4,1,1
25,55000,3,1,2014,14,1,4,5,23,3,3,1
10,35000,3,1,2016,7,1,3,36,20,2,3,0
13,75000,5,1,2012,24,2,6,79,8,4,3,1
8,160000,2,1,2010,4,4,9,66,25,1,2,1
25,40000,5,1,2011,15,1,7,95,10,2,3,1
16,40000,1,1,2016,10,1,3,1,25,2,3,0
16,40000,1,1,2016,10,1,3,75,25,3,3,0
9,40000,5,1,2016,5,4,3,73,30,1,3,0
16,40000,1,1,2016,10,1,3,12,15,1,2,0
8,160000,2,1,2010,4,4,9,90,24,2,4,1
22,52500,5,1,2016,22,2,3,36,20,2,3,0
12,57500,5,1,2012,8,1,6,95,10,2,3,1
14,45000,1,1,2015,23,2,4,25,14,1,3,1
33,90000,2,1,2011,6,1,7,3,16,2,3,1
28,55000,4,1,2014,16,1,4,76,23,3,1,1
9,40000,5,1,2016,5,4,3,10,16,1,4,0
10,35000,3,1,2016,7,1,3,50,15,3,3,0
33,90000,2,1,2011,6,1,7,95,10,2,3,1
20,175000,5,1,2006,24,4,12,72,13,1,3,1
24,75000,2,2,2014,13,1,4,93,29,3,3,1
25,40000,5,1,2011,15,1,7,89,16,3,4,1
29,37500,4,1,2017,17,3,3,13,20,3,4,0
8,160000,2,1,2010,4,4,9,92,12,2,2,1
28,55000,4,1,2014,16,1,4,7,14,2,3,1
24,75000,2,2,2014,13,1,4,85,12,3,4,1
23,25000,5,2,2008,2,4,10,76,23,3,1,1
9,40000,5,1,2016,5,4,3,45,12,2,3,0
9,40000,5,1,2016,5,4,3,40,24,1,2,0
24,75000,2,2,2014,13,1,4,10,16,1,4,1
20,175000,5,1,2006,24,4,12,20,8,2,3,1
30,35000,2,1,2017,21,2,1,38,21,2,3,0
10,35000,3,1,2016,7,1,3,81,25,1,2,0
23,25000,5,2,2008,2,4,10,10,16,1,4,1
9,40000,5,1,2016,5,4,3,13,20,3,4,0
14,45000,1,1,2015,23,2,4,82,22,2,3,1
29,37500,4,1,2017,17,3,3,58,22,2,3,0
28,55000,4,1,2014,16,1,4,51,33,3,1,1
10,35000,3,1,2016,7,1,3,4,13,1,3,0
7,28000,4,1,2016,1,4,2,33,8,4,1,0
19,80000,5,1,2014,18,3,4,28,9,2,1,1
15,38000,5,2,2016,9,1,3,24,18,3,2,0
10,35000,3,1,2016,7,1,3,95,10,2,3,0
33,90000,2,1,2011,6,1,7,77,7,3,3,1
25,40000,5,1,2011,15,1,7,6,29,4,3,1
20,30000,1,1,2015,12,1,3,48,25,2,2,1
13,75000,5,1,2012,24,2,6,75,25,3,3,1
30,35000,2,1,2017,21,2,1,79,8,4,3,0
28,55000,4,1,2014,16,1,4,94,28,1,3,1
30,35000,2,1,2017,21,2,1,15,10,1,2,0
19,80000,5,1,2014,18,3,4,84,16,1,2,1
9,40000,5,1,2016,5,4,3,11,25,3,3,0
19,80000,5,1,2014,18,3,4,79,8,4,3,0
10,35000,3,1,2016,7,1,3,92,12,2,2,0
19,80000,5,1,2014,18,3,4,96,16,2,2,1
22,52500,5,1,2016,22,2,3,80,20,2,4,0
29,37500,4,1,2017,17,3,3,86,28,2,2,0
15,38000,5,2,2016,9,1,3,95,10,2,3,0
16,40000,1,1,2016,10,1,3,19,18,1,2,0
16,40000,1,1,2016,10,1,3,86,28,2,2,0
16,40000,1,1,2016,10,1,3,81,25,1,2,0
10,35000,3,1,2016,7,1,3,15,10,1,2,0
14,45000,1,1,2015,23,2,4,96,16,2,2,1
20,175000,5,1,2006,24,4,12,0,19,2,1,1
19,80000,5,1,2014,18,3,4,7,14,2,3,1
14,45000,1,1,2015,23,2,4,48,25,2,2,1
14,45000,1,1,2015,23,2,4,36,20,2,3,1
20,30000,1,1,2015,12,1,3,45,12,2,3,1
25,55000,3,1,2014,14,1,4,16,25,3,3,1
22,52500,5,1,2016,22,2,3,65,20,4,1,0
20,175000,5,1,2006,24,4,12,59,29,2,3,1
12,57500,5,1,2012,8,1,6,48,25,2,2,1
13,75000,5,1,2012,24,2,6,76,23,3,1,1
12,57500,5,1,2012,8,1,6,12,15,1,2,1
25,55000,3,1,2014,14,1,4,75,25,3,3,1
12,57500,5,1,2012,8,1,6,45,12,2,3,1
16,40000,1,1,2016,10,1,3,95,10,2,3,0
15,38000,5,2,2016,9,1,3,65,20,4,1,0
32,30000,4,1,2017,20,3,2,3,16,2,3,0
7,28000,4,1,2016,1,4,2,68,33,2,2,1
22,52500,5,1,2016,22,2,3,11,25,3,3,0
29,37500,4,1,2017,17,3,3,69,16,1,4,0
7,28000,4,1,2016,1,4,2,26,32,4,1,0
30,35000,2,1,2017,21,2,1,21,30,2,3,0
30,35000,2,1,2017,21,2,1,20,8,2,3,0
33,90000,2,1,2011,6,1,7,46,29,3,3,1
18,30000,1,1,2018,11,1,2,69,16,1,4,0
30,35000,2,1,2017,21,2,1,10,16,1,4,0
21,42500,1,2,2018,3,4,1,19,18,1,2,0
10,35000,3,1,2016,7,1,3,78,24,1,3,0
23,25000,5,2,2008,2,4,10,51,33,3,1,1
16,40000,1,1,2016,10,1,3,74,20,4,3,0
30,35000,2,1,2017,21,2,1,34,32,2,3,0
24,75000,2,2,2014,13,1,4,90,24,2,4,1
8,160000,2,1,2010,4,4,9,16,25,3,3,1
30,35000,2,1,2017,21,2,1,71,15,3,3,0
29,37500,4,1,2017,17,3,3,20,8,2,3,0
29,37500,4,1,2017,17,3,3,56,16,3,2,0
33,90000,2,1,2011,6,1,7,17,15,2,4,1
16,40000,1,1,2016,10,1,3,9,19,2,3,1
13,75000,5,1,2012,24,2,6,70,29,4,3,1
8,160000,2,1,2010,4,4,9,93,29,3,3,1
14,45000,1,1,2015,23,2,4,58,22,2,3,1
9,40000,5,1,2016,5,4,3,66,25,1,2,0
18,30000,1,1,2018,11,1,2,41,30,2,3,0
22,52500,5,1,2016,22,2,3,93,29,3,3,1
16,40000,1,1,2016,10,1,3,11,25,3,3,0
21,42500,1,2,2018,3,4,1,37,7,4,5,0
25,40000,5,1,2011,15,1,7,31,15,1,1,1
30,35000,2,1,2017,21,2,1,68,33,2,2,0
12,57500,5,1,2012,8,1,6,96,16,2,2,1
10,35000,3,1,2016,7,1,3,41,30,2,3,0
21,42500,1,2,2018,3,4,1,68,33,2,2,0
13,75000,5,1,2012,24,2,6,30,10,2,4,1
28,55000,4,1,2014,16,1,4,58,22,2,3,1
16,40000,1,1,2016,10,1,3,53,21,1,3,0
22,52500,5,1,2016,22,2,3,86,28,2,2,0
20,175000,5,1,2006,24,4,12,98,20,4,1,1
33,90000,2,1,2011,6,1,7,72,13,1,3,1
31,28000,3,1,2016,19,3,2,90,24,2,4,0
15,38000,5,2,2016,9,1,3,33,8,4,1,0
28,55000,4,1,2014,16,1,4,35,12,1,2,1
7,28000,4,1,2016,1,4,2,45,12,2,3,1
7,28000,4,1,2016,1,4,2,34,32,2,3,0
33,90000,2,1,2011,6,1,7,94,28,1,3,1
16,40000,1,1,2016,10,1,3,6,29,4,3,1
24,75000,2,2,2014,13,1,4,0,19,2,1,1
20,30000,1,1,2015,12,1,3,3,16,2,3,1
28,55000,4,1,2014,16,1,4,11,25,3,3,1
23,25000,5,2,2008,2,4,10,57,24,2,1,1
32,30000,4,1,2017,20,3,2,36,20,2,3,0
23,25000,5,2,2008,2,4,10,0,19,2,1,1
16,40000,1,1,2016,10,1,3,36,20,2,3,0
30,35000,2,1,2017,21,2,1,1,25,2,3,0
9,40000,5,1,2016,5,4,3,6,29,4,3,1
13,75000,5,1,2012,24,2,6,27,21,1,3,1
15,38000,5,2,2016,9,1,3,29,8,2,3,0
22,52500,5,1,2016,22,2,3,47,8,2,1,0
33,90000,2,1,2011,6,1,7,81,25,1,2,1
24,75000,2,2,2014,13,1,4,21,30,2,3,1
13,75000,5,1,2012,24,2,6,29,8,2,3,1
23,25000,5,2,2008,2,4,10,6,29,4,3,1
15,38000,5,2,2016,9,1,3,94,28,1,3,0
13,75000,5,1,2012,24,2,6,3,16,2,3,1
31,28000,3,1,2016,19,3,2,6,29,4,3,0
14,45000,1,1,2015,23,2,4,52,21,2,1,0
22,52500,5,1,2016,22,2,3,19,18,1,2,0
25,40000,5,1,2011,15,1,7,99,15,1,4,1
19,80000,5,1,2014,18,3,4,34,32,2,3,1
22,52500,5,1,2016,22,2,3,76,23,3,1,1
20,175000,5,1,2006,24,4,12,71,15,3,3,1
10,35000,3,1,2016,7,1,3,68,33,2,2,0
15,38000,5,2,2016,9,1,3,63,25,3,3,0
21,42500,1,2,2018,3,4,1,40,24,1,2,0
32,30000,4,1,2017,20,3,2,61,14,1,3,0
22,52500,5,1,2016,22,2,3,72,13,1,3,0
14,45000,1,1,2015,23,2,4,47,8,2,1,0
30,35000,2,1,2017,21,2,1,86,28,2,2,0
23,25000,5,2,2008,2,4,10,72,13,1,3,1
29,37500,4,1,2017,17,3,3,79,8,4,3,0
14,45000,1,1,2015,23,2,4,8,14,2,3,1
32,30000,4,1,2017,20,3,2,65,20,4,1,0
20,175000,5,1,2006,24,4,12,36,20,2,3,1
13,75000,5,1,2012,24,2,6,94,28,1,3,1
20,175000,5,1,2006,24,4,12,24,18,3,2,1
19,80000,5,1,2014,18,3,4,17,15,2,4,1
31,28000,3,1,2016,19,3,2,81,25,1,2,0
7,28000,4,1,2016,1,4,2,74,20,4,3,0
20,175000,5,1,2006,24,4,12,32,29,2,3,1
21,42500,1,2,2018,3,4,1,30,10,2,4,0
7,28000,4,1,2016,1,4,2,75,25,3,3,1
18,30000,1,1,2018,11,1,2,15,10,1,2,0
7,28000,4,1,2016,1,4,2,90,24,2,4,1
9,40000,5,1,2016,5,4,3,61,14,1,3,0
14,45000,1,1,2015,23,2,4,34,32,2,3,1
28,55000,4,1,2014,16,1,4,41,30,2,3,1
20,30000,1,1,2015,12,1,3,97,25,1,4,1
10,35000,3,1,2016,7,1,3,96,16,2,2,0
33,90000,2,1,2011,6,1,7,83,9,4,1,1
16,40000,1,1,2016,10,1,3,62,15,2,2,0
24,75000,2,2,2014,13,1,4,99,15,1,4,1
19,80000,5,1,2014,18,3,4,70,29,4,3,1
21,42500,1,2,2018,3,4,1,18,25,3,2,0
8,160000,2,1,2010,4,4,9,83,9,4,1,1
10,35000,3,1,2016,7,1,3,56,16,3,2,0
22,52500,5,1,2016,22,2,3,58,22,2,3,0
30,35000,2,1,2017,21,2,1,40,24,1,2,0
15,38000,5,2,2016,9,1,3,86,28,2,2,0
12,57500,5,1,2012,8,1,6,65,20,4,1,1
25,40000,5,1,2011,15,1,7,78,24,1,3,1
21,42500,1,2,2018,3,4,1,35,12,1,2,0
10,35000,3,1,2016,7,1,3,29,8,2,3,0
15,38000,5,2,2016,9,1,3,30,10,2,4,0
22,52500,5,1,2016,22,2,3,24,18,3,2,0
30,35000,2,1,2017,21,2,1,18,25,3,2,0
33,90000,2,1,2011,6,1,7,2,19,4,3,1
12,57500,5,1,2012,8,1,6,67,25,2,1,1
21,42500,1,2,2018,3,4,1,54,30,2,3,0
31,28000,3,1,2016,19,3,2,52,21,2,1,0
20,175000,5,1,2006,24,4,12,61,14,1,3,1
10,35000,3,1,2016,7,1,3,17,15,2,4,0
13,75000,5,1,2012,24,2,6,96,16,2,2,1
14,45000,1,1,2015,23,2,4,49,7,4,1,1
22,52500,5,1,2016,22,2,3,31,15,1,1,0
29,37500,4,1,2017,17,3,3,70,29,4,3,1
18,30000,1,1,2018,11,1,2,40,24,1,2,0
20,175000,5,1,2006,24,4,12,55,14,1,3,1
12,57500,5,1,2012,8,1,6,40,24,1,2,1
10,35000,3,1,2016,7,1,3,22,8,2,1,0
8,160000,2,1,2010,4,4,9,31,15,1,1,1
12,57500,5,1,2012,8,1,6,81,25,1,2,1
7,28000,4,1,2016,1,4,2,42,12,1,1,1
25,40000,5,1,2011,15,1,7,32,29,2,3,1
22,52500,5,1,2016,22,2,3,21,30,2,3,0
29,37500,4,1,2017,17,3,3,95,10,2,3,0
7,28000,4,1,2016,1,4,2,30,10,2,4,1
25,40000,5,1,2011,15,1,7,57,24,2,1,1
18,30000,1,1,2018,11,1,2,57,24,2,1,0
7,28000,4,1,2016,1,4,2,60,30,1,3,0
9,40000,5,1,2016,5,4,3,94,28,1,3,0
9,40000,5,1,2016,5,4,3,17,15,2,4,0
14,45000,1,1,2015,23,2,4,93,29,3,3,1
23,25000,5,2,2008,2,4,10,78,24,1,3,1
33,90000,2,1,2011,6,1,7,25,14,1,3,1
30,35000,2,1,2017,21,2,1,29,8,2,3,0
25,40000,5,1,2011,15,1,7,44,25,3,4,1
24,75000,2,2,2014,13,1,4,3,16,2,3,1
28,55000,4,1,2014,16,1,4,90,24,2,4,1
21,42500,1,2,2018,3,4,1,27,21,1,3,1
25,40000,5,1,2011,15,1,7,30,10,2,4,1
14,45000,1,1,2015,23,2,4,12,15,1,2,1
25,55000,3,1,2014,14,1,4,46,29,3,3,1
12,57500,5,1,2012,8,1,6,13,20,3,4,1
31,28000,3,1,2016,19,3,2,25,14,1,3,0
20,175000,5,1,2006,24,4,12,19,18,1,2,1
21,42500,1,2,2018,3,4,1,86,28,2,2,0
31,28000,3,1,2016,19,3,2,35,12,1,2,0
33,90000,2,1,2011,6,1,7,68,33,2,2,1
9,40000,5,1,2016,5,4,3,72,13,1,3,0
30,35000,2,1,2017,21,2,1,22,8,2,1,0
7,28000,4,1,2016,1,4,2,2,19,4,3,0
8,160000,2,1,2010,4,4,9,28,9,2,1,1
8,160000,2,1,2010,4,4,9,49,7,4,1,1
28,55000,4,1,2014,16,1,4,25,14,1,3,1
8,160000,2,1,2010,4,4,9,26,32,4,1,1
20,175000,5,1,2006,24,4,12,46,29,3,3,1
21,42500,1,2,2018,3,4,1,44,25,3,4,0
13,75000,5,1,2012,24,2,6,59,29,2,3,1
25,40000,5,1,2011,15,1,7,66,25,1,2,1
28,55000,4,1,2014,16,1,4,75,25,3,3,1
12,57500,5,1,2012,8,1,6,22,8,2,1,1
31,28000,3,1,2016,19,3,2,33,8,4,1,0
21,42500,1,2,2018,3,4,1,60,30,1,3,0
29,37500,4,1,2017,17,3,3,62,15,2,2,0
8,160000,2,1,2010,4,4,9,88,8,2,3,1
20,175000,5,1,2006,24,4,12,25,14,1,3,1
16,40000,1,1,2016,10,1,3,52,21,2,1,0
33,90000,2,1,2011,6,1,7,62,15,2,2,1
25,55000,3,1,2014,14,1,4,66,25,1,2,1
22,52500,5,1,2016,22,2,3,82,22,2,3,0
18,30000,1,1,2018,11,1,2,22,8,2,1,0
10,35000,3,1,2016,7,1,3,40,24,1,2,0
9,40000,5,1,2016,5,4,3,26,32,4,1,1
12,57500,5,1,2012,8,1,6,87,21,1,3,1
23,25000,5,2,2008,2,4,10,69,16,1,4,1
28,55000,4,1,2014,16,1,4,9,19,2,3,1
20,30000,1,1,2015,12,1,3,83,9,4,1,1
23,25000,5,2,2008,2,4,10,19,18,1,2,1
28,55000,4,1,2014,16,1,4,91,12,3,1,1
32,30000,4,1,2017,20,3,2,12,15,1,2,0
20,30000,1,1,2015,12,1,3,22,8,2,1,1
10,35000,3,1,2016,7,1,3,90,24,2,4,0
32,30000,4,1,2017,20,3,2,13,20,3,4,0
9,40000,5,1,2016,5,4,3,31,15,1,1,0
22,52500,5,1,2016,22,2,3,34,32,2,3,1
25,55000,3,1,2014,14,1,4,22,8,2,1,1
25,55000,3,1,2014,14,1,4,15,10,1,2,1
19,80000,5,1,2014,18,3,4,42,12,1,1,1
32,30000,4,1,2017,20,3,2,14,8,2,3,0
13,75000,5,1,2012,24,2,6,2,19,4,3,1
25,55000,3,1,2014,14,1,4,34,32,2,3,1
24,75000,2,2,2014,13,1,4,79,8,4,3,0
7,28000,4,1,2016,1,4,2,63,25,3,3,1
28,55000,4,1,2014,16,1,4,82,22,2,3,1
9,40000,5,1,2016,5,4,3,76,23,3,1,1
24,75000,2,2,2014,13,1,4,34,32,2,3,1
31,28000,3,1,2016,19,3,2,87,21,1,3,0
25,55000,3,1,2014,14,1,4,70,29,4,3,1
31,28000,3,1,2016,19,3,2,63,25,3,3,0
24,75000,2,2,2014,13,1,4,25,14,1,3,1
15,38000,5,2,2016,9,1,3,58,22,2,3,0
14,45000,1,1,2015,23,2,4,10,16,1,4,1
29,37500,4,1,2017,17,3,3,6,29,4,3,1
19,80000,5,1,2014,18,3,4,39,9,3,1,1
25,40000,5,1,2011,15,1,7,91,12,3,1,1
22,52500,5,1,2016,22,2,3,42,12,1,1,0
22,52500,5,1,2016,22,2,3,73,30,1,3,0
21,42500,1,2,2018,3,4,1,49,7,4,1,0
20,30000,1,1,2015,12,1,3,80,20,2,4,1
15,38000,5,2,2016,9,1,3,12,15,1,2,0
32,30000,4,1,2017,20,3,2,5,23,3,3,1
15,38000,5,2,2016,9,1,3,41,30,2,3,0
29,37500,4,1,2017,17,3,3,15,10,1,2,0
30,35000,2,1,2017,21,2,1,36,20,2,3,0
12,57500,5,1,2012,8,1,6,77,7,3,3,1
10,35000,3,1,2016,7,1,3,0,19,2,1,1
23,25000,5,2,2008,2,4,10,86,28,2,2,1
13,75000,5,1,2012,24,2,6,55,14,1,3,1
14,45000,1,1,2015,23,2,4,32,29,2,3,1
7,28000,4,1,2016,1,4,2,58,22,2,3,0
19,80000,5,1,2014,18,3,4,0,19,2,1,1
32,30000,4,1,2017,20,3,2,83,9,4,1,0
15,38000,5,2,2016,9,1,3,71,15,3,3,0
22,52500,5,1,2016,22,2,3,15,10,1,2,0
30,35000,2,1,2017,21,2,1,52,21,2,1,0
9,40000,5,1,2016,5,4,3,39,9,3,1,0
8,160000,2,1,2010,4,4,9,15,10,1,2,1
18,30000,1,1,2018,11,1,2,80,20,2,4,0
8,160000,2,1,2010,4,4,9,37,7,4,5,1
16,40000,1,1,2016,10,1,3,26,32,4,1,1
19,80000,5,1,2014,18,3,4,95,10,2,3,1
25,40000,5,1,2011,15,1,7,64,25,1,1,1
21,42500,1,2,2018,3,4,1,58,22,2,3,0
16,40000,1,1,2016,10,1,3,2,19,4,3,1
15,38000,5,2,2016,9,1,3,97,25,1,4,0
14,45000,1,1,2015,23,2,4,4,13,1,3,1
12,57500,5,1,2012,8,1,6,57,24,2,1,1
31,28000,3,1,2016,19,3,2,39,9,3,1,0
25,40000,5,1,2011,15,1,7,80,20,2,4,1
25,40000,5,1,2011,15,1,7,42,12,1,1,1
22,52500,5,1,2016,22,2,3,2,19,4,3,1
7,28000,4,1,2016,1,4,2,98,20,4,1,0
21,42500,1,2,2018,3,4,1,73,30,1,3,0
29,37500,4,1,2017,17,3,3,35,12,1,2,0
32,30000,4,1,2017,20,3,2,58,22,2,3,0
28,55000,4,1,2014,16,1,4,13,20,3,4,1
18,30000,1,1,2018,11,1,2,20,8,2,3,0
22,52500,5,1,2016,22,2,3,23,8,4,1,0
23,25000,5,2,2008,2,4,10,97,25,1,4,1
23,25000,5,2,2008,2,4,10,39,9,3,1,1
23,25000,5,2,2008,2,4,10,5,23,3,3,1
31,28000,3,1,2016,19,3,2,17,15,2,4,0
7,28000,4,1,2016,1,4,2,87,21,1,3,0
14,45000,1,1,2015,23,2,4,46,29,3,3,1
31,28000,3,1,2016,19,3,2,2,19,4,3,0
23,25000,5,2,2008,2,4,10,20,8,2,3,1
9,40000,5,1,2016,5,4,3,55,14,1,3,0
19,80000,5,1,2014,18,3,4,8,14,2,3,1
24,75000,2,2,2014,13,1,4,70,29,4,3,1
15,38000,5,2,2016,9,1,3,98,20,4,1,0
33,90000,2,1,2011,6,1,7,24,18,3,2,1
25,55000,3,1,2014,14,1,4,21,30,2,3,1
18,30000,1,1,2018,11,1,2,18,25,3,2,0
19,80000,5,1,2014,18,3,4,32,29,2,3,1
12,57500,5,1,2012,8,1,6,31,15,1,1,1
15,38000,5,2,2016,9,1,3,25,14,1,3,0
32,30000,4,1,2017,20,3,2,96,16,2,2,0
20,30000,1,1,2015,12,1,3,62,15,2,2,1
12,57500,5,1,2012,8,1,6,11,25,3,3,1
18,30000,1,1,2018,11,1,2,56,16,3,2,0
29,37500,4,1,2017,17,3,3,52,21,2,1,0
28,55000,4,1,2014,16,1,4,86,28,2,2,1
32,30000,4,1,2017,20,3,2,81,25,1,2,0
30,35000,2,1,2017,21,2,1,16,25,3,3,0
7,28000,4,1,2016,1,4,2,40,24,1,2,1
14,45000,1,1,2015,23,2,4,26,32,4,1,1
20,175000,5,1,2006,24,4,12,35,12,1,2,1
8,160000,2,1,2010,4,4,9,64,25,1,1,1
31,28000,3,1,2016,19,3,2,97,25,1,4,0
24,75000,2,2,2014,13,1,4,55,14,1,3,1
20,175000,5,1,2006,24,4,12,8,14,2,3,1
28,55000,4,1,2014,16,1,4,33,8,4,1,0
25,55000,3,1,2014,14,1,4,81,25,1,2,1
20,30000,1,1,2015,12,1,3,78,24,1,3,1
15,38000,5,2,2016,9,1,3,70,29,4,3,1
7,28000,4,1,2016,1,4,2,69,16,1,4,1
29,37500,4,1,2017,17,3,3,45,12,2,3,0
14,45000,1,1,2015,23,2,4,51,33,3,1,1
25,55000,3,1,2014,14,1,4,1,25,2,3,1
22,52500,5,1,2016,22,2,3,84,16,1,2,0
23,25000,5,2,2008,2,4,10,25,14,1,3,1
8,160000,2,1,2010,4,4,9,53,21,1,3,1
33,90000,2,1,2011,6,1,7,20,8,2,3,1
22,52500,5,1,2016,22,2,3,56,16,3,2,0
21,42500,1,2,2018,3,4,1,45,12,2,3,0
19,80000,5,1,2014,18,3,4,64,25,1,1,1
18,30000,1,1,2018,11,1,2,82,22,2,3,0
30,35000,2,1,2017,21,2,1,76,23,3,1,0
12,57500,5,1,2012,8,1,6,94,28,1,3,1
31,28000,3,1,2016,19,3,2,96,16,2,2,0
18,30000,1,1,2018,11,1,2,75,25,3,3,0
28,55000,4,1,2014,16,1,4,48,25,2,2,1
22,52500,5,1,2016,22,2,3,14,8,2,3,0
30,35000,2,1,2017,21,2,1,2,19,4,3,0
25,40000,5,1,2011,15,1,7,48,25,2,2,1
29,37500,4,1,2017,17,3,3,37,7,4,5,1
15,38000,5,2,2016,9,1,3,61,14,1,3,0
31,28000,3,1,2016,19,3,2,85,12,3,4,0
25,55000,3,1,2014,14,1,4,10,16,1,4,1
33,90000,2,1,2011,6,1,7,63,25,3,3,1
25,55000,3,1,2014,14,1,4,74,20,4,3,1
28,55000,4,1,2014,16,1,4,87,21,1,3,0
12,57500,5,1,2012,8,1,6,26,32,4,1,1
21,42500,1,2,2018,3,4,1,8,14,2,3,0
21,42500,1,2,2018,3,4,1,10,16,1,4,0
22,52500,5,1,2016,22,2,3,57,24,2,1,0
18,30000,1,1,2018,11,1,2,72,13,1,3,0
20,175000,5,1,2006,24,4,12,45,12,2,3,1
31,28000,3,1,2016,19,3,2,19,18,1,2,0
19,80000,5,1,2014,18,3,4,71,15,3,3,1
20,30000,1,1,2015,12,1,3,59,29,2,3,1
25,55000,3,1,2014,14,1,4,47,8,2,1,1
20,175000,5,1,2006,24,4,12,79,8,4,3,1
24,75000,2,2,2014,13,1,4,71,15,3,3,1
19,80000,5,1,2014,18,3,4,49,7,4,1,1
7,28000,4,1,2016,1,4,2,88,8,2,3,0
32,30000,4,1,2017,20,3,2,45,12,2,3,0
33,90000,2,1,2011,6,1,7,40,24,1,2,1
9,40000,5,1,2016,5,4,3,62,15,2,2,0
19,80000,5,1,2014,18,3,4,51,33,3,1,1
30,35000,2,1,2017,21,2,1,28,9,2,1,0
24,75000,2,2,2014,13,1,4,24,18,3,2,1
10,35000,3,1,2016,7,1,3,33,8,4,1,0
16,40000,1,1,2016,10,1,3,67,25,2,1,0
18,30000,1,1,2018,11,1,2,42,12,1,1,0
25,55000,3,1,2014,14,1,4,20,8,2,3,1
14,45000,1,1,2015,23,2,4,80,20,2,4,1
23,25000,5,2,2008,2,4,10,7,14,2,3,1
25,55000,3,1,2014,14,1,4,27,21,1,3,1
21,42500,1,2,2018,3,4,1,36,20,2,3,0
7,28000,4,1,2016,1,4,2,14,8,2,3,0
7,28000,4,1,2016,1,4,2,89,16,3,4,1
28,55000,4,1,2014,16,1,4,74,20,4,3,1
31,28000,3,1,2016,19,3,2,4,13,1,3,0
31,28000,3,1,2016,19,3,2,86,28,2,2,0
8,160000,2,1,2010,4,4,9,97,25,1,4,1
23,25000,5,2,2008,2,4,10,3,16,2,3,1
9,40000,5,1,2016,5,4,3,3,16,2,3,0
21,42500,1,2,2018,3,4,1,34,32,2,3,0
33,90000,2,1,2011,6,1,7,98,20,4,1,1
13,75000,5,1,2012,24,2,6,9,19,2,3,1
7,28000,4,1,2016,1,4,2,77,7,3,3,1
7,28000,4,1,2016,1,4,2,7,14,2,3,0
25,55000,3,1,2014,14,1,4,28,9,2,1,1
21,42500,1,2,2018,3,4,1,85,12,3,4,0
30,35000,2,1,2017,21,2,1,82,22,2,3,0
15,38000,5,2,2016,9,1,3,96,16,2,2,0
7,28000,4,1,2016,1,4,2,85,12,3,4,1
18,30000,1,1,2018,11,1,2,48,25,2,2,0
24,75000,2,2,2014,13,1,4,78,24,1,3,1
31,28000,3,1,2016,19,3,2,5,23,3,3,1
16,40000,1,1,2016,10,1,3,97,25,1,4,0
25,55000,3,1,2014,14,1,4,31,15,1,1,1
31,28000,3,1,2016,19,3,2,70,29,4,3,0
9,40000,5,1,2016,5,4,3,74,20,4,3,0
19,80000,5,1,2014,18,3,4,4,13,1,3,1
32,30000,4,1,2017,20,3,2,0,19,2,1,0
19,80000,5,1,2014,18,3,4,18,25,3,2,1
29,37500,4,1,2017,17,3,3,78,24,1,3,0
33,90000,2,1,2011,6,1,7,88,8,2,3,1
28,55000,4,1,2014,16,1,4,61,14,1,3,1
30,35000,2,1,2017,21,2,1,30,10,2,4,0
21,42500,1,2,2018,3,4,1,47,8,2,1,0
33,90000,2,1,2011,6,1,7,47,8,2,1,1
13,75000,5,1,2012,24,2,6,71,15,3,3,1
9,40000,5,1,2016,5,4,3,92,12,2,2,0
16,40000,1,1,2016,10,1,3,10,16,1,4,0
19,80000,5,1,2014,18,3,4,20,8,2,3,0
24,75000,2,2,2014,13,1,4,58,22,2,3,1
20,30000,1,1,2015,12,1,3,36,20,2,3,1
21,42500,1,2,2018,3,4,1,43,10,2,2,0
23,25000,5,2,2008,2,4,10,27,21,1,3,1
18,30000,1,1,2018,11,1,2,68,33,2,2,0
28,55000,4,1,2014,16,1,4,53,21,1,3,0
16,40000,1,1,2016,10,1,3,79,8,4,3,0
7,28000,4,1,2016,1,4,2,8,14,2,3,0
30,35000,2,1,2017,21,2,1,41,30,2,3,0
7,28000,4,1,2016,1,4,2,3,16,2,3,1
9,40000,5,1,2016,5,4,3,84,16,1,2,0
14,45000,1,1,2015,23,2,4,1,25,2,3,1
25,40000,5,1,2011,15,1,7,77,7,3,3,1
18,30000,1,1,2018,11,1,2,30,10,2,4,0
12,57500,5,1,2012,8,1,6,23,8,4,1,1
31,28000,3,1,2016,19,3,2,61,14,1,3,0
12,57500,5,1,2012,8,1,6,10,16,1,4,1
33,90000,2,1,2011,6,1,7,87,21,1,3,1
10,35000,3,1,2016,7,1,3,45,12,2,3,0
25,40000,5,1,2011,15,1,7,16,25,3,3,1
30,35000,2,1,2017,21,2,1,64,25,1,1,0
9,40000,5,1,2016,5,4,3,81,25,1,2,0
16,40000,1,1,2016,10,1,3,85,12,3,4,0
33,90000,2,1,2011,6,1,7,96,16,2,2,1
20,30000,1,1,2015,12,1,3,81,25,1,2,1
13,75000,5,1,2012,24,2,6,49,7,4,1,1
15,38000,5,2,2016,9,1,3,44,25,3,4,0
13,75000,5,1,2012,24,2,6,88,8,2,3,1
12,57500,5,1,2012,8,1,6,60,30,1,3,1
30,35000,2,1,2017,21,2,1,56,16,3,2,0
8,160000,2,1,2010,4,4,9,10,16,1,4,1
25,40000,5,1,2011,15,1,7,83,9,4,1,1
25,55000,3,1,2014,14,1,4,56,16,3,2,1
20,30000,1,1,2015,12,1,3,75,25,3,3,1
28,55000,4,1,2014,16,1,4,6,29,4,3,1
24,75000,2,2,2014,13,1,4,1,25,2,3,1
32,30000,4,1,2017,20,3,2,43,10,2,2,0
24,75000,2,2,2014,13,1,4,41,30,2,3,1
8,160000,2,1,2010,4,4,9,30,10,2,4,1
16,40000,1,1,2016,10,1,3,31,15,1,1,0
8,160000,2,1,2010,4,4,9,44,25,3,4,1
22,52500,5,1,2016,22,2,3,28,9,2,1,0
15,38000,5,2,2016,9,1,3,8,14,2,3,0
32,30000,4,1,2017,20,3,2,60,30,1,3,0
12,57500,5,1,2012,8,1,6,43,10,2,2,1
19,80000,5,1,2014,18,3,4,19,18,1,2,1
31,28000,3,1,2016,19,3,2,92,12,2,2,0
8,160000,2,1,2010,4,4,9,18,25,3,2,1
32,30000,4,1,2017,20,3,2,8,14,2,3,0
28,55000,4,1,2014,16,1,4,22,8,2,1,0
30,35000,2,1,2017,21,2,1,95,10,2,3,0
15,38000,5,2,2016,9,1,3,77,7,3,3,1
19,80000,5,1,2014,18,3,4,57,24,2,1,1
29,37500,4,1,2017,17,3,3,39,9,3,1,0
16,40000,1,1,2016,10,1,3,55,14,1,3,0
21,42500,1,2,2018,3,4,1,14,8,2,3,0
7,28000,4,1,2016,1,4,2,66,25,1,2,1
21,42500,1,2,2018,3,4,1,29,8,2,3,0
28,55000,4,1,2014,16,1,4,36,20,2,3,1
20,30000,1,1,2015,12,1,3,69,16,1,4,1
23,25000,5,2,2008,2,4,10,28,9,2,1,1
8,160000,2,1,2010,4,4,9,8,14,2,3,1
14,45000,1,1,2015,23,2,4,64,25,1,1,1
31,28000,3,1,2016,19,3,2,40,24,1,2,0
10,35000,3,1,2016,7,1,3,93,29,3,3,1
8,160000,2,1,2010,4,4,9,57,24,2,1,1
32,30000,4,1,2017,20,3,2,52,21,2,1,0
12,57500,5,1,2012,8,1,6,84,16,1,2,1
8,160000,2,1,2010,4,4,9,47,8,2,1,1
22,52500,5,1,2016,22,2,3,71,15,3,3,0
10,35000,3,1,2016,7,1,3,12,15,1,2,0
21,42500,1,2,2018,3,4,1,80,20,2,4,0
24,75000,2,2,2014,13,1,4,66,25,1,2,1
10,35000,3,1,2016,7,1,3,16,25,3,3,0
10,35000,3,1,2016,7,1,3,80,20,2,4,0
18,30000,1,1,2018,11,1,2,38,21,2,3,0
13,75000,5,1,2012,24,2,6,66,25,1,2,1
23,25000,5,2,2008,2,4,10,29,8,2,3,1
12,57500,5,1,2012,8,1,6,9,19,2,3,1
23,25000,5,2,2008,2,4,10,11,25,3,3,1
21,42500,1,2,2018,3,4,1,95,10,2,3,0
32,30000,4,1,2017,20,3,2,20,8,2,3,0
32,30000,4,1,2017,20,3,2,88,8,2,3,0
22,52500,5,1,2016,22,2,3,85,12,3,4,0
16,40000,1,1,2016,10,1,3,45,12,2,3,0
24,75000,2,2,2014,13,1,4,72,13,1,3,1
25,55000,3,1,2014,14,1,4,11,25,3,3,1
22,52500,5,1,2016,22,2,3,32,29,2,3,1
28,55000,4,1,2014,16,1,4,19,18,1,2,1
28,55000,4,1,2014,16,1,4,69,16,1,4,1
32,30000,4,1,2017,20,3,2,18,25,3,2,0
20,30000,1,1,2015,12,1,3,28,9,2,1,1
20,175000,5,1,2006,24,4,12,41,30,2,3,1
8,160000,2,1,2010,4,4,9,78,24,1,3,1
16,40000,1,1,2016,10,1,3,13,20,3,4,0
9,40000,5,1,2016,5,4,3,71,15,3,3,0
13,75000,5,1,2012,24,2,6,52,21,2,1,1
30,35000,2,1,2017,21,2,1,84,16,1,2,0
24,75000,2,2,2014,13,1,4,6,29,4,3,1
29,37500,4,1,2017,17,3,3,9,19,2,3,1
7,28000,4,1,2016,1,4,2,61,14,1,3,0
9,40000,5,1,2016,5,4,3,59,29,2,3,1
23,25000,5,2,2008,2,4,10,30,10,2,4,1
23,25000,5,2,2008,2,4,10,52,21,2,1,1
32,30000,4,1,2017,20,3,2,59,29,2,3,0
29,37500,4,1,2017,17,3,3,40,24,1,2,0
25,40000,5,1,2011,15,1,7,70,29,4,3,1
19,80000,5,1,2014,18,3,4,44,25,3,4,1
29,37500,4,1,2017,17,3,3,49,7,4,1,1
15,38000,5,2,2016,9,1,3,91,12,3,1,0
18,30000,1,1,2018,11,1,2,47,8,2,1,0
20,175000,5,1,2006,24,4,12,89,16,3,4,1
21,42500,1,2,2018,3,4,1,50,15,3,3,0
19,80000,5,1,2014,18,3,4,92,12,2,2,1
28,55000,4,1,2014,16,1,4,63,25,3,3,1
23,25000,5,2,2008,2,4,10,17,15,2,4,1
16,40000,1,1,2016,10,1,3,23,8,4,1,0
24,75000,2,2,2014,13,1,4,17,15,2,4,1
21,42500,1,2,2018,3,4,1,99,15,1,4,0
31,28000,3,1,2016,19,3,2,91,12,3,1,0
18,30000,1,1,2018,11,1,2,96,16,2,2,0
19,80000,5,1,2014,18,3,4,61,14,1,3,1
21,42500,1,2,2018,3,4,1,25,14,1,3,0
28,55000,4,1,2014,16,1,4,46,29,3,3,1
15,38000,5,2,2016,9,1,3,40,24,1,2,0
32,30000,4,1,2017,20,3,2,33,8,4,1,0
7,28000,4,1,2016,1,4,2,43,10,2,2,1
28,55000,4,1,2014,16,1,4,95,10,2,3,1
22,52500,5,1,2016,22,2,3,12,15,1,2,0
7,28000,4,1,2016,1,4,2,62,15,2,2,1
13,75000,5,1,2012,24,2,6,0,19,2,1,1
25,40000,5,1,2011,15,1,7,68,33,2,2,1
25,40000,5,1,2011,15,1,7,85,12,3,4,1
22,52500,5,1,2016,22,2,3,10,16,1,4,0
21,42500,1,2,2018,3,4,1,20,8,2,3,0
12,57500,5,1,2012,8,1,6,17,15,2,4,1
7,28000,4,1,2016,1,4,2,55,14,1,3,0
20,30000,1,1,2015,12,1,3,40,24,1,2,1
20,30000,1,1,2015,12,1,3,13,20,3,4,1
15,38000,5,2,2016,9,1,3,21,30,2,3,0
19,80000,5,1,2014,18,3,4,81,25,1,2,1
29,37500,4,1,2017,17,3,3,67,25,2,1,0
7,28000,4,1,2016,1,4,2,97,25,1,4,1
32,30000,4,1,2017,20,3,2,91,12,3,1,0
15,38000,5,2,2016,9,1,3,10,16,1,4,0
16,40000,1,1,2016,10,1,3,21,30,2,3,0
18,30000,1,1,2018,11,1,2,13,20,3,4,0
32,30000,4,1,2017,20,3,2,86,28,2,2,0
18,30000,1,1,2018,11,1,2,59,29,2,3,0
25,40000,5,1,2011,15,1,7,33,8,4,1,1
18,30000,1,1,2018,11,1,2,51,33,3,1,0
25,40000,5,1,2011,15,1,7,61,14,1,3,1
25,40000,5,1,2011,15,1,7,43,10,2,2,1
7,28000,4,1,2016,1,4,2,56,16,3,2,1
20,175000,5,1,2006,24,4,12,60,30,1,3,1
30,35000,2,1,2017,21,2,1,99,15,1,4,0
7,28000,4,1,2016,1,4,2,28,9,2,1,0
12,57500,5,1,2012,8,1,6,91,12,3,1,1
14,45000,1,1,2015,23,2,4,56,16,3,2,1
13,75000,5,1,2012,24,2,6,80,20,2,4,1
32,30000,4,1,2017,20,3,2,7,14,2,3,0
25,55000,3,1,2014,14,1,4,19,18,1,2,1
12,57500,5,1,2012,8,1,6,24,18,3,2,1
19,80000,5,1,2014,18,3,4,76,23,3,1,1
30,35000,2,1,2017,21,2,1,9,19,2,3,0
18,30000,1,1,2018,11,1,2,70,29,4,3,0
28,55000,4,1,2014,16,1,4,49,7,4,1,1
32,30000,4,1,2017,20,3,2,25,14,1,3,0
9,40000,5,1,2016,5,4,3,88,8,2,3,0
10,35000,3,1,2016,7,1,3,73,30,1,3,0
13,75000,5,1,2012,24,2,6,97,25,1,4,1
32,30000,4,1,2017,20,3,2,42,12,1,1,0
18,30000,1,1,2018,11,1,2,49,7,4,1,1
12,57500,5,1,2012,8,1,6,25,14,1,3,1
21,42500,1,2,2018,3,4,1,62,15,2,2,0
30,35000,2,1,2017,21,2,1,88,8,2,3,0
23,25000,5,2,2008,2,4,10,61,14,1,3,1
18,30000,1,1,2018,11,1,2,2,19,4,3,0
25,55000,3,1,2014,14,1,4,42,12,1,1,1
10,35000,3,1,2016,7,1,3,44,25,3,4,0
25,40000,5,1,2011,15,1,7,82,22,2,3,1
8,160000,2,1,2010,4,4,9,60,30,1,3,1
21,42500,1,2,2018,3,4,1,41,30,2,3,0
12,57500,5,1,2012,8,1,6,52,21,2,1,1
14,45000,1,1,2015,23,2,4,15,10,1,2,1
20,175000,5,1,2006,24,4,12,92,12,2,2,1
20,175000,5,1,2006,24,4,12,30,10,2,4,1
22,52500,5,1,2016,22,2,3,54,30,2,3,0
24,75000,2,2,2014,13,1,4,96,16,2,2,1
32,30000,4,1,2017,20,3,2,62,15,2,2,0
14,45000,1,1,2015,23,2,4,90,24,2,4,1
16,40000,1,1,2016,10,1,3,8,14,2,3,0
31,28000,3,1,2016,19,3,2,72,13,1,3,0
30,35000,2,1,2017,21,2,1,8,14,2,3,0
20,175000,5,1,2006,24,4,12,18,25,3,2,1
23,25000,5,2,2008,2,4,10,33,8,4,1,1
7,28000,4,1,2016,1,4,2,70,29,4,3,0
31,28000,3,1,2016,19,3,2,83,9,4,1,0
22,52500,5,1,2016,22,2,3,17,15,2,4,0
12,57500,5,1,2012,8,1,6,41,30,2,3,1
23,25000,5,2,2008,2,4,10,56,16,3,2,1
25,55000,3,1,2014,14,1,4,23,8,4,1,1
31,28000,3,1,2016,19,3,2,36,20,2,3,0
22,52500,5,1,2016,22,2,3,64,25,1,1,0
28,55000,4,1,2014,16,1,4,27,21,1,3,0
31,28000,3,1,2016,19,3,2,8,14,2,3,0
7,28000,4,1,2016,1,4,2,12,15,1,2,1
8,160000,2,1,2010,4,4,9,84,16,1,2,1
24,75000,2,2,2014,13,1,4,28,9,2,1,1
20,30000,1,1,2015,12,1,3,79,8,4,3,1
22,52500,5,1,2016,22,2,3,49,7,4,1,1
13,75000,5,1,2012,24,2,6,18,25,3,2,1
21,42500,1,2,2018,3,4,1,83,9,4,1,0
20,30000,1,1,2015,12,1,3,26,32,4,1,1
24,75000,2,2,2014,13,1,4,74,20,4,3,1
31,28000,3,1,2016,19,3,2,16,25,3,3,0
18,30000,1,1,2018,11,1,2,46,29,3,3,0
32,30000,4,1,2017,20,3,2,21,30,2,3,0
14,45000,1,1,2015,23,2,4,42,12,1,1,1
23,25000,5,2,2008,2,4,10,90,24,2,4,1
24,75000,2,2,2014,13,1,4,8,14,2,3,1
24,75000,2,2,2014,13,1,4,36,20,2,3,1
10,35000,3,1,2016,7,1,3,91,12,3,1,0
25,55000,3,1,2014,14,1,4,9,19,2,3,1
30,35000,2,1,2017,21,2,1,62,15,2,2,0
32,30000,4,1,2017,20,3,2,16,25,3,3,0
14,45000,1,1,2015,23,2,4,74,20,4,3,1
10,35000,3,1,2016,7,1,3,28,9,2,1,0
23,25000,5,2,2008,2,4,10,96,16,2,2,1
9,40000,5,1,2016,5,4,3,67,25,2,1,0
20,30000,1,1,2015,12,1,3,61,14,1,3,1
16,40000,1,1,2016,10,1,3,77,7,3,3,1
29,37500,4,1,2017,17,3,3,83,9,4,1,0
28,55000,4,1,2014,16,1,4,92,12,2,2,1
32,30000,4,1,2017,20,3,2,38,21,2,3,0
31,28000,3,1,2016,19,3,2,67,25,2,1,0
25,40000,5,1,2011,15,1,7,54,30,2,3,1
30,35000,2,1,2017,21,2,1,75,25,3,3,0
33,90000,2,1,2011,6,1,7,54,30,2,3,1
12,57500,5,1,2012,8,1,6,20,8,2,3,1
25,40000,5,1,2011,15,1,7,94,28,1,3,1
30,35000,2,1,2017,21,2,1,73,30,1,3,0
24,75000,2,2,2014,13,1,4,73,30,1,3,1
19,80000,5,1,2014,18,3,4,69,16,1,4,1
7,28000,4,1,2016,1,4,2,16,25,3,3,1
20,175000,5,1,2006,24,4,12,85,12,3,4,1
20,30000,1,1,2015,12,1,3,24,18,3,2,1
21,42500,1,2,2018,3,4,1,66,25,1,2,0
14,45000,1,1,2015,23,2,4,57,24,2,1,1
14,45000,1,1,2015,23,2,4,86,28,2,2,1
9,40000,5,1,2016,5,4,3,50,15,3,3,0
24,75000,2,2,2014,13,1,4,37,7,4,5,1
18,30000,1,1,2018,11,1,2,21,30,2,3,0
20,30000,1,1,2015,12,1,3,27,21,1,3,1
19,80000,5,1,2014,18,3,4,38,21,2,3,0
25,40000,5,1,2011,15,1,7,37,7,4,5,1
10,35000,3,1,2016,7,1,3,48,25,2,2,0
31,28000,3,1,2016,19,3,2,58,22,2,3,0
31,28000,3,1,2016,19,3,2,94,28,1,3,0
23,25000,5,2,2008,2,4,10,13,20,3,4,1
20,175000,5,1,2006,24,4,12,50,15,3,3,1
25,40000,5,1,2011,15,1,7,50,15,3,3,1
14,45000,1,1,2015,23,2,4,99,15,1,4,1
15,38000,5,2,2016,9,1,3,51,33,3,1,0
10,35000,3,1,2016,7,1,3,94,28,1,3,0
10,35000,3,1,2016,7,1,3,67,25,2,1,0
31,28000,3,1,2016,19,3,2,68,33,2,2,0
19,80000,5,1,2014,18,3,4,62,15,2,2,1
8,160000,2,1,2010,4,4,9,87,21,1,3,1
18,30000,1,1,2018,11,1,2,50,15,3,3,0
23,25000,5,2,2008,2,4,10,73,30,1,3,1
23,25000,5,2,2008,2,4,10,35,12,1,2,1
24,75000,2,2,2014,13,1,4,2,19,4,3,1
33,90000,2,1,2011,6,1,7,13,20,3,4,1
16,40000,1,1,2016,10,1,3,46,29,3,3,1
22,52500,5,1,2016,22,2,3,45,12,2,3,0
9,40000,5,1,2016,5,4,3,41,30,2,3,0
8,160000,2,1,2010,4,4,9,55,14,1,3,1
9,40000,5,1,2016,5,4,3,30,10,2,4,0
24,75000,2,2,2014,13,1,4,39,9,3,1,1
13,75000,5,1,2012,24,2,6,89,16,3,4,1
25,55000,3,1,2014,14,1,4,18,25,3,2,1
31,28000,3,1,2016,19,3,2,60,30,1,3,0
10,35000,3,1,2016,7,1,3,3,16,2,3,0
16,40000,1,1,2016,10,1,3,70,29,4,3,1
12,57500,5,1,2012,8,1,6,42,12,1,1,1
18,30000,1,1,2018,11,1,2,98,20,4,1,0
25,55000,3,1,2014,14,1,4,67,25,2,1,1
19,80000,5,1,2014,18,3,4,10,16,1,4,1
28,55000,4,1,2014,16,1,4,0,19,2,1,1
21,42500,1,2,2018,3,4,1,2,19,4,3,0
15,38000,5,2,2016,9,1,3,17,15,2,4,0
7,28000,4,1,2016,1,4,2,39,9,3,1,0
16,40000,1,1,2016,10,1,3,98,20,4,1,0
22,52500,5,1,2016,22,2,3,52,21,2,1,0
33,90000,2,1,2011,6,1,7,30,10,2,4,1
25,40000,5,1,2011,15,1,7,15,10,1,2,1
18,30000,1,1,2018,11,1,2,90,24,2,4,0
13,75000,5,1,2012,24,2,6,39,9,3,1,1
29,37500,4,1,2017,17,3,3,81,25,1,2,0
28,55000,4,1,2014,16,1,4,37,7,4,5,1
15,38000,5,2,2016,9,1,3,19,18,1,2,0
23,25000,5,2,2008,2,4,10,80,20,2,4,1
16,40000,1,1,2016,10,1,3,78,24,1,3,0
9,40000,5,1,2016,5,4,3,32,29,2,3,1
24,75000,2,2,2014,13,1,4,31,15,1,1,1
25,40000,5,1,2011,15,1,7,17,15,2,4,1
24,75000,2,2,2014,13,1,4,57,24,2,1,1
20,175000,5,1,2006,24,4,12,80,20,2,4,1
15,38000,5,2,2016,9,1,3,81,25,1,2,0
29,37500,4,1,2017,17,3,3,32,29,2,3,1
24,75000,2,2,2014,13,1,4,87,21,1,3,0
20,175000,5,1,2006,24,4,12,31,15,1,1,1
24,75000,2,2,2014,13,1,4,91,12,3,1,1
20,30000,1,1,2015,12,1,3,33,8,4,1,1
16,40000,1,1,2016,10,1,3,0,19,2,1,1
9,40000,5,1,2016,5,4,3,64,25,1,1,0
23,25000,5,2,2008,2,4,10,89,16,3,4,1
24,75000,2,2,2014,13,1,4,84,16,1,2,1
31,28000,3,1,2016,19,3,2,20,8,2,3,0
16,40000,1,1,2016,10,1,3,63,25,3,3,0
13,75000,5,1,2012,24,2,6,73,30,1,3,1
24,75000,2,2,2014,13,1,4,27,21,1,3,0
18,30000,1,1,2018,11,1,2,54,30,2,3,0
13,75000,5,1,2012,24,2,6,98,20,4,1,1
8,160000,2,1,2010,4,4,9,38,21,2,3,1
16,40000,1,1,2016,10,1,3,54,30,2,3,0
21,42500,1,2,2018,3,4,1,48,25,2,2,0
13,75000,5,1,2012,24,2,6,54,30,2,3,1
29,37500,4,1,2017,17,3,3,89,16,3,4,0
20,30000,1,1,2015,12,1,3,98,20,4,1,1
20,30000,1,1,2015,12,1,3,7,14,2,3,1
24,75000,2,2,2014,13,1,4,51,33,3,1,1
25,40000,5,1,2011,15,1,7,98,20,4,1,1
25,40000,5,1,2011,15,1,7,86,28,2,2,1
12,57500,5,1,2012,8,1,6,7,14,2,3,1
25,55000,3,1,2014,14,1,4,64,25,1,1,1
28,55000,4,1,2014,16,1,4,31,15,1,1,1
20,175000,5,1,2006,24,4,12,88,8,2,3,1
9,40000,5,1,2016,5,4,3,58,22,2,3,0
29,37500,4,1,2017,17,3,3,8,14,2,3,0
33,90000,2,1,2011,6,1,7,52,21,2,1,1
31,28000,3,1,2016,19,3,2,1,25,2,3,0
24,75000,2,2,2014,13,1,4,86,28,2,2,1
29,37500,4,1,2017,17,3,3,55,14,1,3,0
30,35000,2,1,2017,21,2,1,61,14,1,3,0
15,38000,5,2,2016,9,1,3,87,21,1,3,0
29,37500,4,1,2017,17,3,3,30,10,2,4,0
18,30000,1,1,2018,11,1,2,92,12,2,2,0
23,25000,5,2,2008,2,4,10,62,15,2,2,1
25,55000,3,1,2014,14,1,4,39,9,3,1,1
23,25000,5,2,2008,2,4,10,14,8,2,3,1
24,75000,2,2,2014,13,1,4,16,25,3,3,1
10,35000,3,1,2016,7,1,3,27,21,1,3,0
21,42500,1,2,2018,3,4,1,92,12,2,2,0
8,160000,2,1,2010,4,4,9,5,23,3,3,1
25,40000,5,1,2011,15,1,7,23,8,4,1,1
30,35000,2,1,2017,21,2,1,93,29,3,3,0
28,55000,4,1,2014,16,1,4,81,25,1,2,1
10,35000,3,1,2016,7,1,3,57,24,2,1,0
10,35000,3,1,2016,7,1,3,86,28,2,2,0
15,38000,5,2,2016,9,1,3,5,23,3,3,1
13,75000,5,1,2012,24,2,6,28,9,2,1,1
19,80000,5,1,2014,18,3,4,73,30,1,3,1
25,55000,3,1,2014,14,1,4,87,21,1,3,1
25,55000,3,1,2014,14,1,4,90,24,2,4,1
30,35000,2,1,2017,21,2,1,12,15,1,2,0
13,75000,5,1,2012,24,2,6,60,30,1,3,1
32,30000,4,1,2017,20,3,2,70,29,4,3,0
10,35000,3,1,2016,7,1,3,18,25,3,2,0
23,25000,5,2,2008,2,4,10,99,15,1,4,1
20,30000,1,1,2015,12,1,3,8,14,2,3,1
10,35000,3,1,2016,7,1,3,74,20,4,3,0
8,160000,2,1,2010,4,4,9,39,9,3,1,1
19,80000,5,1,2014,18,3,4,72,13,1,3,1
25,55000,3,1,2014,14,1,4,88,8,2,3,1
16,40000,1,1,2016,10,1,3,50,15,3,3,0
24,75000,2,2,2014,13,1,4,97,25,1,4,1
22,52500,5,1,2016,22,2,3,94,28,1,3,0
13,75000,5,1,2012,24,2,6,16,25,3,3,1
19,80000,5,1,2014,18,3,4,89,16,3,4,1
25,40000,5,1,2011,15,1,7,45,12,2,3,1
8,160000,2,1,2010,4,4,9,61,14,1,3,1
33,90000,2,1,2011,6,1,7,12,15,1,2,1
18,30000,1,1,2018,11,1,2,79,8,4,3,0
7,28000,4,1,2016,1,4,2,71,15,3,3,1
15,38000,5,2,2016,9,1,3,54,30,2,3,0
12,57500,5,1,2012,8,1,6,1,25,2,3,1
21,42500,1,2,2018,3,4,1,13,20,3,4,0
25,55000,3,1,2014,14,1,4,40,24,1,2,1
13,75000,5,1,2012,24,2,6,86,28,2,2,1
10,35000,3,1,2016,7,1,3,49,7,4,1,1
13,75000,5,1,2012,24,2,6,40,24,1,2,1
25,55000,3,1,2014,14,1,4,91,12,3,1,1
15,38000,5,2,2016,9,1,3,46,29,3,3,1
10,35000,3,1,2016,7,1,3,1,25,2,3,0
33,90000,2,1,2011,6,1,7,60,30,1,3,1
24,75000,2,2,2014,13,1,4,92,12,2,2,1
33,90000,2,1,2011,6,1,7,80,20,2,4,1
31,28000,3,1,2016,19,3,2,82,22,2,3,0
7,28000,4,1,2016,1,4,2,4,13,1,3,0
20,175000,5,1,2006,24,4,12,26,32,4,1,1
20,30000,1,1,2015,12,1,3,41,30,2,3,1
21,42500,1,2,2018,3,4,1,21,30,2,3,0
21,42500,1,2,2018,3,4,1,24,18,3,2,0
9,40000,5,1,2016,5,4,3,89,16,3,4,0
25,55000,3,1,2014,14,1,4,26,32,4,1,1
20,30000,1,1,2015,12,1,3,70,29,4,3,1
22,52500,5,1,2016,22,2,3,8,14,2,3,0
33,90000,2,1,2011,6,1,7,75,25,3,3,1
21,42500,1,2,2018,3,4,1,39,9,3,1,0
31,28000,3,1,2016,19,3,2,0,19,2,1,0
28,55000,4,1,2014,16,1,4,1,25,2,3,1
29,37500,4,1,2017,17,3,3,71,15,3,3,0
29,37500,4,1,2017,17,3,3,64,25,1,1,0
9,40000,5,1,2016,5,4,3,86,28,2,2,0
25,40000,5,1,2011,15,1,7,19,18,1,2,1
19,80000,5,1,2014,18,3,4,3,16,2,3,1
8,160000,2,1,2010,4,4,9,89,16,3,4,1
24,75000,2,2,2014,13,1,4,32,29,2,3,1
31,28000,3,1,2016,19,3,2,24,18,3,2,0
20,30000,1,1,2015,12,1,3,72,13,1,3,1
24,75000,2,2,2014,13,1,4,52,21,2,1,0
9,40000,5,1,2016,5,4,3,60,30,1,3,0
30,35000,2,1,2017,21,2,1,69,16,1,4,0
10,35000,3,1,2016,7,1,3,69,16,1,4,0
24,75000,2,2,2014,13,1,4,75,25,3,3,1
20,175000,5,1,2006,24,4,12,65,20,4,1,1
21,42500,1,2,2018,3,4,1,96,16,2,2,0
16,40000,1,1,2016,10,1,3,16,25,3,3,0
13,75000,5,1,2012,24,2,6,24,18,3,2,1
31,28000,3,1,2016,19,3,2,79,8,4,3,0
15,38000,5,2,2016,9,1,3,64,25,1,1,0
32,30000,4,1,2017,20,3,2,40,24,1,2,0
33,90000,2,1,2011,6,1,7,74,20,4,3,1
29,37500,4,1,2017,17,3,3,68,33,2,2,0
14,45000,1,1,2015,23,2,4,2,19,4,3,1
21,42500,1,2,2018,3,4,1,7,14,2,3,0
12,57500,5,1,2012,8,1,6,44,25,3,4,1
25,40000,5,1,2011,15,1,7,55,14,1,3,1
12,57500,5,1,2012,8,1,6,27,21,1,3,1
33,90000,2,1,2011,6,1,7,42,12,1,1,1
18,30000,1,1,2018,11,1,2,83,9,4,1,0
20,30000,1,1,2015,12,1,3,99,15,1,4,1
32,30000,4,1,2017,20,3,2,84,16,1,2,0
25,55000,3,1,2014,14,1,4,58,22,2,3,1
19,80000,5,1,2014,18,3,4,16,25,3,3,1
20,175000,5,1,2006,24,4,12,42,12,1,1,1
16,40000,1,1,2016,10,1,3,84,16,1,2,0
19,80000,5,1,2014,18,3,4,22,8,2,1,0
19,80000,5,1,2014,18,3,4,85,12,3,4,1
16,40000,1,1,2016,10,1,3,5,23,3,3,1
29,37500,4,1,2017,17,3,3,38,21,2,3,0
8,160000,2,1,2010,4,4,9,63,25,3,3,1
15,38000,5,2,2016,9,1,3,49,7,4,1,1
14,45000,1,1,2015,23,2,4,79,8,4,3,0
13,75000,5,1,2012,24,2,6,77,7,3,3,1
23,25000,5,2,2008,2,4,10,92,12,2,2,1
12,57500,5,1,2012,8,1,6,21,30,2,3,1
31,28000,3,1,2016,19,3,2,76,23,3,1,1
12,57500,5,1,2012,8,1,6,63,25,3,3,1
18,30000,1,1,2018,11,1,2,35,12,1,2,0
22,52500,5,1,2016,22,2,3,60,30,1,3,0
10,35000,3,1,2016,7,1,3,5,23,3,3,1
25,40000,5,1,2011,15,1,7,14,8,2,3,1
19,80000,5,1,2014,18,3,4,65,20,4,1,1
23,25000,5,2,2008,2,4,10,18,25,3,2,1
10,35000,3,1,2016,7,1,3,46,29,3,3,1
30,35000,2,1,2017,21,2,1,65,20,4,1,0
29,37500,4,1,2017,17,3,3,27,21,1,3,0
7,28000,4,1,2016,1,4,2,86,28,2,2,1
29,37500,4,1,2017,17,3,3,4,13,1,3,0
32,30000,4,1,2017,20,3,2,49,7,4,1,1
7,28000,4,1,2016,1,4,2,1,25,2,3,1
18,30000,1,1,2018,11,1,2,94,28,1,3,0
12,57500,5,1,2012,8,1,6,82,22,2,3,1
23,25000,5,2,2008,2,4,10,68,33,2,2,1
22,52500,5,1,2016,22,2,3,30,10,2,4,0
13,75000,5,1,2012,24,2,6,45,12,2,3,1
32,30000,4,1,2017,20,3,2,71,15,3,3,0
29,37500,4,1,2017,17,3,3,57,24,2,1,0
33,90000,2,1,2011,6,1,7,78,24,1,3,1
20,175000,5,1,2006,24,4,12,84,16,1,2,1
28,55000,4,1,2014,16,1,4,23,8,4,1,0
9,40000,5,1,2016,5,4,3,99,15,1,4,0
25,55000,3,1,2014,14,1,4,51,33,3,1,1
29,37500,4,1,2017,17,3,3,19,18,1,2,0
8,160000,2,1,2010,4,4,9,24,18,3,2,1
14,45000,1,1,2015,23,2,4,76,23,3,1,1
29,37500,4,1,2017,17,3,3,75,25,3,3,0
23,25000,5,2,2008,2,4,10,79,8,4,3,1
24,75000,2,2,2014,13,1,4,61,14,1,3,1
10,35000,3,1,2016,7,1,3,19,18,1,2,0
28,55000,4,1,2014,16,1,4,28,9,2,1,1
8,160000,2,1,2010,4,4,9,86,28,2,2,1
20,30000,1,1,2015,12,1,3,23,8,4,1,1
24,75000,2,2,2014,13,1,4,54,30,2,3,1
18,30000,1,1,2018,11,1,2,14,8,2,3,0
13,75000,5,1,2012,24,2,6,22,8,2,1,1
30,35000,2,1,2017,21,2,1,51,33,3,1,0
20,30000,1,1,2015,12,1,3,42,12,1,1,1
33,90000,2,1,2011,6,1,7,10,16,1,4,1
7,28000,4,1,2016,1,4,2,27,21,1,3,0
12,57500,5,1,2012,8,1,6,80,20,2,4,1
13,75000,5,1,2012,24,2,6,69,16,1,4,1
33,90000,2,1,2011,6,1,7,67,25,2,1,1
24,75000,2,2,2014,13,1,4,13,20,3,4,1
22,52500,5,1,2016,22,2,3,1,25,2,3,0
20,175000,5,1,2006,24,4,12,6,29,4,3,1
14,45000,1,1,2015,23,2,4,43,10,2,2,1
25,55000,3,1,2014,14,1,4,14,8,2,3,1
28,55000,4,1,2014,16,1,4,50,15,3,3,1
23,25000,5,2,2008,2,4,10,48,25,2,2,1
8,160000,2,1,2010,4,4,9,74,20,4,3,1
15,38000,5,2,2016,9,1,3,68,33,2,2,0
13,75000,5,1,2012,24,2,6,93,29,3,3,1
23,25000,5,2,2008,2,4,10,50,15,3,3,1
7,28000,4,1,2016,1,4,2,18,25,3,2,1
32,30000,4,1,2017,20,3,2,77,7,3,3,1
15,38000,5,2,2016,9,1,3,93,29,3,3,1
10,35000,3,1,2016,7,1,3,76,23,3,1,1
31,28000,3,1,2016,19,3,2,53,21,1,3,0
20,30000,1,1,2015,12,1,3,18,25,3,2,1
12,57500,5,1,2012,8,1,6,72,13,1,3,1
19,80000,5,1,2014,18,3,4,91,12,3,1,1
33,90000,2,1,2011,6,1,7,16,25,3,3,1
30,35000,2,1,2017,21,2,1,26,32,4,1,0
10,35000,3,1,2016,7,1,3,82,22,2,3,0
22,52500,5,1,2016,22,2,3,18,25,3,2,0
31,28000,3,1,2016,19,3,2,45,12,2,3,0
16,40000,1,1,2016,10,1,3,92,12,2,2,0
29,37500,4,1,2017,17,3,3,51,33,3,1,0
19,80000,5,1,2014,18,3,4,50,15,3,3,1
23,25000,5,2,2008,2,4,10,82,22,2,3,1
32,30000,4,1,2017,20,3,2,69,16,1,4,0
16,40000,1,1,2016,10,1,3,82,22,2,3,0
21,42500,1,2,2018,3,4,1,33,8,4,1,0
18,30000,1,1,2018,11,1,2,85,12,3,4,0
10,35000,3,1,2016,7,1,3,70,29,4,3,1
24,75000,2,2,2014,13,1,4,64,25,1,1,1
22,52500,5,1,2016,22,2,3,92,12,2,2,0
21,42500,1,2,2018,3,4,1,64,25,1,1,0
32,30000,4,1,2017,20,3,2,50,15,3,3,0
7,28000,4,1,2016,1,4,2,41,30,2,3,0
18,30000,1,1,2018,11,1,2,64,25,1,1,0
19,80000,5,1,2014,18,3,4,87,21,1,3,0
7,28000,4,1,2016,1,4,2,59,29,2,3,0
30,35000,2,1,2017,21,2,1,72,13,1,3,0
33,90000,2,1,2011,6,1,7,73,30,1,3,1
31,28000,3,1,2016,19,3,2,84,16,1,2,0
30,35000,2,1,2017,21,2,1,87,21,1,3,0
25,40000,5,1,2011,15,1,7,25,14,1,3,1
9,40000,5,1,2016,5,4,3,43,10,2,2,0
19,80000,5,1,2014,18,3,4,43,10,2,2,1
32,30000,4,1,2017,20,3,2,82,22,2,3,0
12,57500,5,1,2012,8,1,6,90,24,2,4,1
15,38000,5,2,2016,9,1,3,34,32,2,3,1
22,52500,5,1,2016,22,2,3,25,14,1,3,0
20,30000,1,1,2015,12,1,3,86,28,2,2,1
31,28000,3,1,2016,19,3,2,26,32,4,1,0
31,28000,3,1,2016,19,3,2,65,20,4,1,0
28,55000,4,1,2014,16,1,4,67,25,2,1,1
28,55000,4,1,2014,16,1,4,32,29,2,3,1
15,38000,5,2,2016,9,1,3,39,9,3,1,0
8,160000,2,1,2010,4,4,9,32,29,2,3,1
14,45000,1,1,2015,23,2,4,65,20,4,1,1
32,30000,4,1,2017,20,3,2,67,25,2,1,0
23,25000,5,2,2008,2,4,10,75,25,3,3,1
25,55000,3,1,2014,14,1,4,69,16,1,4,1
24,75000,2,2,2014,13,1,4,47,8,2,1,0
9,40000,5,1,2016,5,4,3,63,25,3,3,0
21,42500,1,2,2018,3,4,1,78,24,1,3,0
22,52500,5,1,2016,22,2,3,67,25,2,1,0
14,45000,1,1,2015,23,2,4,37,7,4,5,1
7,28000,4,1,2016,1,4,2,93,29,3,3,0
28,55000,4,1,2014,16,1,4,88,8,2,3,0
24,75000,2,2,2014,13,1,4,83,9,4,1,1
20,30000,1,1,2015,12,1,3,63,25,3,3,1
30,35000,2,1,2017,21,2,1,45,12,2,3,0
29,37500,4,1,2017,17,3,3,88,8,2,3,0
25,55000,3,1,2014,14,1,4,30,10,2,4,1
22,52500,5,1,2016,22,2,3,55,14,1,3,0
25,40000,5,1,2011,15,1,7,88,8,2,3,1
9,40000,5,1,2016,5,4,3,69,16,1,4,0
20,175000,5,1,2006,24,4,12,67,25,2,1,1
19,80000,5,1,2014,18,3,4,97,25,1,4,1
18,30000,1,1,2018,11,1,2,19,18,1,2,0
18,30000,1,1,2018,11,1,2,93,29,3,3,0
23,25000,5,2,2008,2,4,10,22,8,2,1,1
31,28000,3,1,2016,19,3,2,88,8,2,3,0
7,28000,4,1,2016,1,4,2,82,22,2,3,0
20,30000,1,1,2015,12,1,3,68,33,2,2,1
22,52500,5,1,2016,22,2,3,26,32,4,1,1
32,30000,4,1,2017,20,3,2,53,21,1,3,0
25,40000,5,1,2011,15,1,7,35,12,1,2,1
23,25000,5,2,2008,2,4,10,98,20,4,1,1
12,57500,5,1,2012,8,1,6,47,8,2,1,1
22,52500,5,1,2016,22,2,3,53,21,1,3,0
22,52500,5,1,2016,22,2,3,87,21,1,3,0
14,45000,1,1,2015,23,2,4,53,21,1,3,0
30,35000,2,1,2017,21,2,1,83,9,4,1,0
10,35000,3,1,2016,7,1,3,39,9,3,1,0
15,38000,5,2,2016,9,1,3,52,21,2,1,0
18,30000,1,1,2018,11,1,2,34,32,2,3,0
16,40000,1,1,2016,10,1,3,42,12,1,1,0
13,75000,5,1,2012,24,2,6,43,10,2,2,1
21,42500,1,2,2018,3,4,1,0,19,2,1,0
7,28000,4,1,2016,1,4,2,78,24,1,3,1
28,55000,4,1,2014,16,1,4,47,8,2,1,0
25,40000,5,1,2011,15,1,7,62,15,2,2,1
22,52500,5,1,2016,22,2,3,22,8,2,1,0
20,30000,1,1,2015,12,1,3,85,12,3,4,1
33,90000,2,1,2011,6,1,7,38,21,2,3,1
10,35000,3,1,2016,7,1,3,84,16,1,2,0
25,55000,3,1,2014,14,1,4,95,10,2,3,1
18,30000,1,1,2018,11,1,2,87,21,1,3,0
15,38000,5,2,2016,9,1,3,23,8,4,1,0
30,35000,2,1,2017,21,2,1,4,13,1,3,0
15,38000,5,2,2016,9,1,3,31,15,1,1,0
25,40000,5,1,2011,15,1,7,56,16,3,2,1
16,40000,1,1,2016,10,1,3,76,23,3,1,1
12,57500,5,1,2012,8,1,6,64,25,1,1,1
28,55000,4,1,2014,16,1,4,93,29,3,3,1
20,30000,1,1,2015,12,1,3,1,25,2,3,1
33,90000,2,1,2011,6,1,7,59,29,2,3,1
18,30000,1,1,2018,11,1,2,39,9,3,1,0
10,35000,3,1,2016,7,1,3,77,7,3,3,1
16,40000,1,1,2016,10,1,3,61,14,1,3,0
20,30000,1,1,2015,12,1,3,65,20,4,1,1
25,55000,3,1,2014,14,1,4,38,21,2,3,1
20,30000,1,1,2015,12,1,3,4,13,1,3,1
15,38000,5,2,2016,9,1,3,82,22,2,3,0
25,55000,3,1,2014,14,1,4,99,15,1,4,1
13,75000,5,1,2012,24,2,6,41,30,2,3,1
28,55000,4,1,2014,16,1,4,84,16,1,2,1
8,160000,2,1,2010,4,4,9,76,23,3,1,1
14,45000,1,1,2015,23,2,4,30,10,2,4,1
12,57500,5,1,2012,8,1,6,51,33,3,1,1
13,75000,5,1,2012,24,2,6,4,13,1,3,1
23,25000,5,2,2008,2,4,10,21,30,2,3,1
20,30000,1,1,2015,12,1,3,49,7,4,1,1
18,30000,1,1,2018,11,1,2,99,15,1,4,0
29,37500,4,1,2017,17,3,3,63,25,3,3,0
25,40000,5,1,2011,15,1,7,11,25,3,3,1
20,30000,1,1,2015,12,1,3,90,24,2,4,1
14,45000,1,1,2015,23,2,4,35,12,1,2,1
12,57500,5,1,2012,8,1,6,18,25,3,2,1
33,90000,2,1,2011,6,1,7,48,25,2,2,1
32,30000,4,1,2017,20,3,2,39,9,3,1,0
30,35000,2,1,2017,21,2,1,53,21,1,3,0
21,42500,1,2,2018,3,4,1,56,16,3,2,0
31,28000,3,1,2016,19,3,2,9,19,2,3,0
20,30000,1,1,2015,12,1,3,52,21,2,1,1
13,75000,5,1,2012,24,2,6,85,12,3,4,1
10,35000,3,1,2016,7,1,3,2,19,4,3,1
20,30000,1,1,2015,12,1,3,84,16,1,2,1
12,57500,5,1,2012,8,1,6,74,20,4,3,1
7,28000,4,1,2016,1,4,2,11,25,3,3,1
13,75000,5,1,2012,24,2,6,6,29,4,3,1
33,90000,2,1,2011,6,1,7,29,8,2,3,1
22,52500,5,1,2016,22,2,3,69,16,1,4,0
8,160000,2,1,2010,4,4,9,35,12,1,2,1
31,28000,3,1,2016,19,3,2,56,16,3,2,0
8,160000,2,1,2010,4,4,9,7,14,2,3,1
28,55000,4,1,2014,16,1,4,45,12,2,3,1
7,28000,4,1,2016,1,4,2,54,30,2,3,0
8,160000,2,1,2010,4,4,9,68,33,2,2,1
15,38000,5,2,2016,9,1,3,36,20,2,3,0
13,75000,5,1,2012,24,2,6,36,20,2,3,1
18,30000,1,1,2018,11,1,2,28,9,2,1,0
23,25000,5,2,2008,2,4,10,59,29,2,3,1
18,30000,1,1,2018,11,1,2,84,16,1,2,0
33,90000,2,1,2011,6,1,7,86,28,2,2,1
13,75000,5,1,2012,24,2,6,67,25,2,1,1
33,90000,2,1,2011,6,1,7,6,29,4,3,1
16,40000,1,1,2016,10,1,3,68,33,2,2,0
24,75000,2,2,2014,13,1,4,42,12,1,1,1
28,55000,4,1,2014,16,1,4,8,14,2,3,1
15,38000,5,2,2016,9,1,3,20,8,2,3,0
24,75000,2,2,2014,13,1,4,7,14,2,3,1
20,175000,5,1,2006,24,4,12,47,8,2,1,1
19,80000,5,1,2014,18,3,4,40,24,1,2,1
18,30000,1,1,2018,11,1,2,73,30,1,3,0
8,160000,2,1,2010,4,4,9,19,18,1,2,1
23,25000,5,2,2008,2,4,10,84,16,1,2,1
10,35000,3,1,2016,7,1,3,64,25,1,1,0
16,40000,1,1,2016,10,1,3,59,29,2,3,1
33,90000,2,1,2011,6,1,7,66,25,1,2,1
30,35000,2,1,2017,21,2,1,90,24,2,4,0
8,160000,2,1,2010,4,4,9,12,15,1,2,1
13,75000,5,1,2012,24,2,6,82,22,2,3,1
23,25000,5,2,2008,2,4,10,77,7,3,3,1
24,75000,2,2,2014,13,1,4,69,16,1,4,1
23,25000,5,2,2008,2,4,10,71,15,3,3,1
24,75000,2,2,2014,13,1,4,40,24,1,2,1
12,57500,5,1,2012,8,1,6,39,9,3,1,1
15,38000,5,2,2016,9,1,3,50,15,3,3,0
13,75000,5,1,2012,24,2,6,57,24,2,1,1
23,25000,5,2,2008,2,4,10,58,22,2,3,1
28,55000,4,1,2014,16,1,4,42,12,1,1,1
21,42500,1,2,2018,3,4,1,76,23,3,1,0
22,52500,5,1,2016,22,2,3,13,20,3,4,0
29,37500,4,1,2017,17,3,3,18,25,3,2,0
20,30000,1,1,2015,12,1,3,14,8,2,3,1
20,175000,5,1,2006,24,4,12,37,7,4,5,1
23,25000,5,2,2008,2,4,10,85,12,3,4,1
9,40000,5,1,2016,5,4,3,29,8,2,3,0
12,57500,5,1,2012,8,1,6,66,25,1,2,1
18,30000,1,1,2018,11,1,2,33,8,4,1,0
28,55000,4,1,2014,16,1,4,24,18,3,2,1
31,28000,3,1,2016,19,3,2,34,32,2,3,0
28,55000,4,1,2014,16,1,4,55,14,1,3,1
24,75000,2,2,2014,13,1,4,18,25,3,2,1
20,30000,1,1,2015,12,1,3,47,8,2,1,1
30,35000,2,1,2017,21,2,1,59,29,2,3,0
7,28000,4,1,2016,1,4,2,15,10,1,2,1
9,40000,5,1,2016,5,4,3,49,7,4,1,1
25,55000,3,1,2014,14,1,4,84,16,1,2,1
16,40000,1,1,2016,10,1,3,66,25,1,2,0
29,37500,4,1,2017,17,3,3,34,32,2,3,1
20,175000,5,1,2006,24,4,12,93,29,3,3,1
25,40000,5,1,2011,15,1,7,92,12,2,2,1
30,35000,2,1,2017,21,2,1,57,24,2,1,0
14,45000,1,1,2015,23,2,4,63,25,3,3,1
29,37500,4,1,2017,17,3,3,93,29,3,3,1
18,30000,1,1,2018,11,1,2,12,15,1,2,0
18,30000,1,1,2018,11,1,2,1,25,2,3,0
31,28000,3,1,2016,19,3,2,31,15,1,1,0
25,55000,3,1,2014,14,1,4,36,20,2,3,1
16,40000,1,1,2016,10,1,3,91,12,3,1,0
10,35000,3,1,2016,7,1,3,9,19,2,3,1
20,30000,1,1,2015,12,1,3,56,16,3,2,1
22,52500,5,1,2016,22,2,3,29,8,2,3,0
32,30000,4,1,2017,20,3,2,64,25,1,1,0
7,28000,4,1,2016,1,4,2,76,23,3,1,1
10,35000,3,1,2016,7,1,3,23,8,4,1,0
12,57500,5,1,2012,8,1,6,0,19,2,1,1
25,55000,3,1,2014,14,1,4,0,19,2,1,1
32,30000,4,1,2017,20,3,2,44,25,3,4,0
23,25000,5,2,2008,2,4,10,47,8,2,1,1
30,35000,2,1,2017,21,2,1,5,23,3,3,0
29,37500,4,1,2017,17,3,3,0,19,2,1,1
31,28000,3,1,2016,19,3,2,30,10,2,4,0
32,30000,4,1,2017,20,3,2,73,30,1,3,0
8,160000,2,1,2010,4,4,9,1,25,2,3,1
14,45000,1,1,2015,23,2,4,77,7,3,3,1
23,25000,5,2,2008,2,4,10,1,25,2,3,1
10,35000,3,1,2016,7,1,3,42,12,1,1,0
10,35000,3,1,2016,7,1,3,89,16,3,4,0
12,57500,5,1,2012,8,1,6,15,10,1,2,1
14,45000,1,1,2015,23,2,4,28,9,2,1,1
10,35000,3,1,2016,7,1,3,72,13,1,3,0
33,90000,2,1,2011,6,1,7,0,19,2,1,1
16,40000,1,1,2016,10,1,3,40,24,1,2,0
23,25000,5,2,2008,2,4,10,55,14,1,3,1
28,55000,4,1,2014,16,1,4,29,8,2,3,0
29,37500,4,1,2017,17,3,3,99,15,1,4,0
13,75000,5,1,2012,24,2,6,68,33,2,2,1
16,40000,1,1,2016,10,1,3,17,15,2,4,0
18,30000,1,1,2018,11,1,2,23,8,4,1,0
25,55000,3,1,2014,14,1,4,4,13,1,3,1
19,80000,5,1,2014,18,3,4,9,19,2,3,1
28,55000,4,1,2014,16,1,4,71,15,3,3,1
24,75000,2,2,2014,13,1,4,43,10,2,2,1
18,30000,1,1,2018,11,1,2,6,29,4,3,0
14,45000,1,1,2015,23,2,4,85,12,3,4,1
25,40000,5,1,2011,15,1,7,65,20,4,1,1
15,38000,5,2,2016,9,1,3,79,8,4,3,0
22,52500,5,1,2016,22,2,3,89,16,3,4,0
30,35000,2,1,2017,21,2,1,66,25,1,2,0
32,30000,4,1,2017,20,3,2,41,30,2,3,0
30,35000,2,1,2017,21,2,1,27,21,1,3,0
18,30000,1,1,2018,11,1,2,8,14,2,3,0
32,30000,4,1,2017,20,3,2,15,10,1,2,0
13,75000,5,1,2012,24,2,6,15,10,1,2,1
25,40000,5,1,2011,15,1,7,52,21,2,1,1
20,30000,1,1,2015,12,1,3,29,8,2,3,1
22,52500,5,1,2016,22,2,3,40,24,1,2,0
10,35000,3,1,2016,7,1,3,59,29,2,3,1
18,30000,1,1,2018,11,1,2,11,25,3,3,0
33,90000,2,1,2011,6,1,7,18,25,3,2,1
16,40000,1,1,2016,10,1,3,35,12,1,2,0
12,57500,5,1,2012,8,1,6,46,29,3,3,1
23,25000,5,2,2008,2,4,10,45,12,2,3,1
7,28000,4,1,2016,1,4,2,38,21,2,3,0
31,28000,3,1,2016,19,3,2,10,16,1,4,0
29,37500,4,1,2017,17,3,3,84,16,1,2,0
24,75000,2,2,2014,13,1,4,63,25,3,3,1
25,55000,3,1,2014,14,1,4,78,24,1,3,1
14,45000,1,1,2015,23,2,4,71,15,3,3,1
28,55000,4,1,2014,16,1,4,65,20,4,1,1
33,90000,2,1,2011,6,1,7,70,29,4,3,1
20,175000,5,1,2006,24,4,12,7,14,2,3,1
25,55000,3,1,2014,14,1,4,54,30,2,3,1
25,40000,5,1,2011,15,1,7,58,22,2,3,1
13,75000,5,1,2012,24,2,6,61,14,1,3,1
21,42500,1,2,2018,3,4,1,98,20,4,1,0
32,30000,4,1,2017,20,3,2,27,21,1,3,0
25,55000,3,1,2014,14,1,4,89,16,3,4,1
33,90000,2,1,2011,6,1,7,21,30,2,3,1
30,35000,2,1,2017,21,2,1,80,20,2,4,0
28,55000,4,1,2014,16,1,4,15,10,1,2,1
32,30000,4,1,2017,20,3,2,55,14,1,3,0
31,28000,3,1,2016,19,3,2,66,25,1,2,0
28,55000,4,1,2014,16,1,4,34,32,2,3,1
30,35000,2,1,2017,21,2,1,39,9,3,1,0
25,40000,5,1,2011,15,1,7,46,29,3,3,1
32,30000,4,1,2017,20,3,2,99,15,1,4,0
13,75000,5,1,2012,24,2,6,87,21,1,3,1
23,25000,5,2,2008,2,4,10,88,8,2,3,1
25,40000,5,1,2011,15,1,7,60,30,1,3,1
14,45000,1,1,2015,23,2,4,50,15,3,3,1
12,57500,5,1,2012,8,1,6,33,8,4,1,1
7,28000,4,1,2016,1,4,2,92,12,2,2,1
24,75000,2,2,2014,13,1,4,62,15,2,2,1
18,30000,1,1,2018,11,1,2,27,21,1,3,0
21,42500,1,2,2018,3,4,1,72,13,1,3,0
24,75000,2,2,2014,13,1,4,98,20,4,1,1
18,30000,1,1,2018,11,1,2,58,22,2,3,0
24,75000,2,2,2014,13,1,4,22,8,2,1,0
32,30000,4,1,2017,20,3,2,1,25,2,3,0
20,175000,5,1,2006,24,4,12,1,25,2,3,1
20,175000,5,1,2006,24,4,12,40,24,1,2,1
9,40000,5,1,2016,5,4,3,85,12,3,4,0
20,175000,5,1,2006,24,4,12,14,8,2,3,1
22,52500,5,1,2016,22,2,3,9,19,2,3,1
13,75000,5,1,2012,24,2,6,99,15,1,4,1
19,80000,5,1,2014,18,3,4,31,15,1,1,1
33,90000,2,1,2011,6,1,7,56,16,3,2,1
21,42500,1,2,2018,3,4,1,93,29,3,3,0
15,38000,5,2,2016,9,1,3,16,25,3,3,0
18,30000,1,1,2018,11,1,2,63,25,3,3,0
25,40000,5,1,2011,15,1,7,84,16,1,2,1
19,80000,5,1,2014,18,3,4,36,20,2,3,1
23,25000,5,2,2008,2,4,10,9,19,2,3,1
21,42500,1,2,2018,3,4,1,46,29,3,3,0
9,40000,5,1,2016,5,4,3,44,25,3,4,0
19,80000,5,1,2014,18,3,4,29,8,2,3,0
32,30000,4,1,2017,20,3,2,4,13,1,3,0
10,35000,3,1,2016,7,1,3,88,8,2,3,0
28,55000,4,1,2014,16,1,4,3,16,2,3,1
12,57500,5,1,2012,8,1,6,49,7,4,1,1
23,25000,5,2,2008,2,4,10,31,15,1,1,1
25,40000,5,1,2011,15,1,7,22,8,2,1,1
25,40000,5,1,2011,15,1,7,9,19,2,3,1
18,30000,1,1,2018,11,1,2,71,15,3,3,0
15,38000,5,2,2016,9,1,3,99,15,1,4,0
21,42500,1,2,2018,3,4,1,5,23,3,3,0
15,38000,5,2,2016,9,1,3,7,14,2,3,0
9,40000,5,1,2016,5,4,3,0,19,2,1,1
30,35000,2,1,2017,21,2,1,94,28,1,3,0
21,42500,1,2,2018,3,4,1,1,25,2,3,0
25,40000,5,1,2011,15,1,7,69,16,1,4,1